type,name,continent,iso_country,municipality,scheduled_service,icao_code,iata_code
medium_airport,Capitan Oriel Lea Plaza Airport,SA,BO,Tarija,yes,SLTJ,TJA
medium_airport,Teniente Av. Jorge Henrich Arauz Airport,SA,BO,Trinidad,yes,SLTR,TDD
medium_airport,Aleknagik / New Airport,NA,US,Aleknagik,yes,,WKK
medium_airport,Carcassonne Salvaza Airport,EU,FR,Carcassonne,yes,LFMK,CCF
large_airport,Honiara International Airport,OC,SB,Honiara,yes,AGGH,HIR
medium_airport,Munda Airport,OC,SB,Munda,yes,AGGM,MUA
medium_airport,Ástor Piazzola International Airport,SA,AR,Mar del Plata,yes,SAZM,MDQ
medium_airport,Pantelleria Airport,EU,IT,Pantelleria (TP),yes,LICG,PNL
medium_airport,Nauru International Airport,OC,NR,Yaren District,yes,ANYN,INU
large_airport,Bahrain International Airport,AS,BH,Manama,yes,OBBI,BAH
medium_airport,Alxa Left Banner Bayanhot Airport,AS,CN,Bayanhot,yes,ZBAL,AXF
large_airport,Abha International Airport,AS,SA,Abha,yes,OEAB,AHB
medium_airport,Gassim Airport,AS,SA,Buraidah,yes,OEGS,ELQ
medium_airport,Baimuru Airport,OC,PG,Baimuru,yes,AYBA,VMU
medium_airport,Neom Bay Airport,AS,SA,Sharma,yes,OENN,NUM
medium_airport,Buka Airport,OC,PG,Buka Island,yes,AYBK,BUA
medium_airport,Balimo Airport,OC,PG,Balimo,yes,AYBM,OPU
medium_airport,Daru Airport,OC,PG,Daru,yes,AYDU,DAU
medium_airport,Goroka Airport,OC,PG,Goronka,yes,AYGA,GKA
medium_airport,Gurney Airport,OC,PG,Gurney,yes,AYGN,GUR
medium_airport,Girua Airport,OC,PG,Popondetta,yes,AYGR,PNP
medium_airport,Hoskins Airport,OC,PG,Kimbe,yes,AYHK,HKN
medium_airport,Kerema Airport,OC,PG,Kerema,yes,AYKM,KMA
medium_airport,Kavieng Airport,OC,PG,Kavieng,yes,AYKV,KVG
medium_airport,Madang Airport,OC,PG,Madang,yes,AYMD,MAG
medium_airport,Mendi Airport,OC,PG,Mendi,yes,AYMN,MDU
medium_airport,Momote Airport,OC,PG,Manus Island,yes,AYMO,MAS
medium_airport,New Gwadar International Airport,AS,PK,Gurandani,yes,OPGD,GWD
medium_airport,Vanimo Airport,OC,PG,Vanimo,yes,AYVN,VAI
medium_airport,Wewak International Airport,OC,PG,Wewak,yes,AYWK,WWK
large_airport,Marseille Provence Airport,EU,FR,"Marignane, Bouches-du-Rhône",yes,LFML,MRS
medium_airport,Bethel Airport,NA,US,Bethel,yes,PABE,BET
medium_airport,Aasiaat Airport,NA,GL,Aasiaat,yes,BGAA,JEG
medium_airport,Piedmont Triad International Airport,NA,US,Greensboro,yes,KGSO,GSO
medium_airport,Greenville Spartanburg International Airport,NA,US,Greer,yes,KGSP,GSP
medium_airport,Golden Triangle Regional Airport,NA,US,Columbus/W Point/Starkville,yes,KGTR,GTR
medium_airport,Gallup Municipal Airport,NA,US,Gallup,yes,KGUP,GUP
medium_airport,Nuuk Airport,NA,GL,Nuuk,yes,BGGH,GOH
large_airport,Techo International Airport,AS,KH,Phnom Penh (Boeng Khyang),yes,VDTI,KTI
medium_airport,Kulusuk Airport,NA,GL,Kulusuk,yes,BGKK,KUS
medium_airport,Hagerstown Regional Richard A Henson Field,NA,US,Hagerstown,yes,KHGR,HGR
medium_airport,Sisimiut Airport,NA,GL,Sisimiut,yes,BGSS,JHS
medium_airport,Pituffik Space Base,NA,GL,Pituffik,yes,BGTL,THU
medium_airport,Helena Regional Airport,NA,US,Helena,yes,KHLN,HLN
medium_airport,Akureyri Airport,EU,IS,Akureyri,yes,BIAR,AEY
medium_airport,Egilsstaðir Airport,EU,IS,Egilsstaðir,yes,BIEG,EGS
medium_airport,Hornafjörður Airport,EU,IS,Höfn,yes,BIHN,HFN
medium_airport,Ísafjörður Airport,EU,IS,Ísafjörður,yes,BIIS,IFJ
large_airport,Keflavik International Airport,EU,IS,Reykjavík,yes,BIKF,KEF
medium_airport,Reykjavík Domestic Airport,EU,IS,Reykjavík,yes,BIRK,RKV
medium_airport,Priština Adem Jashari International Airport,EU,XK,Prishtina,yes,BKPR,PRN
medium_airport,Glauber de Andrade Rocha Airport,SA,BR,Vitória da Conquista,yes,SBVC,VDC
medium_airport,Perpignan-Rivesaltes (Llabanère) Airport,EU,FR,Perpignan/Rivesaltes,yes,LFMP,PGF
medium_airport,Caye Caulker Airport,NA,BZ,Caye Caulker,yes,,CUK
medium_airport,Corozal Airport,NA,BZ,Corozal,yes,,CZH
medium_airport,Dangriga Airport,NA,BZ,Dangriga,yes,,DGA
medium_airport,Punta Gorda Airport,NA,BZ,Punta Gorda,yes,,PND
medium_airport,John Greif II Airport,NA,BZ,San Pedro,yes,,SPR
medium_airport,Enontekio Airport,EU,FI,Enontekio,yes,EFET,ENF
medium_airport,University of Illinois Willard Airport,NA,US,Savoy,yes,KCMI,CMI
medium_airport,Kemi-Tornio Airport,EU,FI,Kemi / Tornio,yes,EFKE,KEM
medium_airport,Kokkola-Pietarsaari Airport,EU,FI,Kokkola / Kruunupyy,yes,EFKK,KOK
medium_airport,Kuusamo Airport,EU,FI,Kuusamo,yes,EFKS,KAO
medium_airport,Oulu Airport,EU,FI,Oulu / Oulunsalo,yes,EFOU,OUL
large_airport,Belfast International Airport,EU,GB,Belfast,yes,EGAA,BFS
medium_airport,Shaoguan Danxia Airport,AS,CN,Shaoguan,yes,ZGSG,HSC
medium_airport,Rikaze Dingri Airport,AS,CN,Xigazê (Dingri),yes,ZUDR,DDR
medium_airport,Tashikuergan Hongqilafu Airport,AS,CN,Tashikuergan,yes,ZWTK,HQL
medium_airport,Fort Frances Municipal Airport,NA,CA,Fort Frances,yes,CYAG,YAG
medium_airport,Sault Ste Marie Airport,NA,CA,Sault Ste Marie,yes,CYAM,YAM
medium_airport,Kasabonika Airport,NA,CA,Kasabonika,yes,CYAQ,XKS
medium_airport,Tofino / Long Beach Airport,NA,CA,Tofino,yes,CYAZ,YAZ
medium_airport,Baie-Comeau Airport,NA,CA,Baie-Comeau,yes,CYBC,YBC
medium_airport,Bonnyville Airport,NA,CA,Bonnyville,yes,CYBF,YBY
medium_airport,Baker Lake Airport,NA,CA,Baker Lake,yes,CYBK,YBK
medium_airport,Campbell River Airport,NA,CA,Campbell River,yes,CYBL,YBL
medium_airport,Cambridge Bay Airport,NA,CA,Cambridge Bay,yes,CYCB,YCB
medium_airport,Nanaimo Airport,NA,CA,Nanaimo,yes,CYCD,YCD
medium_airport,Castlegar/West Kootenay Regional Airport,NA,CA,Castlegar,yes,CYCG,YCG
medium_airport,Charlo Airport,NA,CA,Charlo,yes,CYCL,YCL
medium_airport,Dauphin Barker Airport,NA,CA,Dauphin,yes,CYDN,YDN
large_airport,Edmonton International Airport,NA,CA,Edmonton,yes,CYEG,YEG
medium_airport,Inuvik Mike Zubko Airport,NA,CA,Inuvik,yes,CYEV,YEV
medium_airport,Iqaluit Airport,NA,CA,Iqaluit,yes,CYFB,YFB
medium_airport,Fredericton Airport,NA,CA,Fredericton,yes,CYFC,YFC
medium_airport,Fort Simpson Airport,NA,CA,Fort Simpson,yes,CYFS,YFS
medium_airport,La Grande Rivière Airport,NA,CA,La Grande Rivière,yes,CYGL,YGL
medium_airport,Michel-Pouliot Gaspé Airport,NA,CA,Gaspé,yes,CYGP,YGP
medium_airport,Îles-de-la-Madeleine Airport,NA,CA,Les Îles-de-la-Madeleine,yes,CYGR,YGR
medium_airport,Havre-Saint-Pierre Airport,NA,CA,Havre-Saint-Pierre,yes,CYGV,YGV
medium_airport,Kuujjuarapik Airport,NA,CA,Kuujjuarapik,yes,CYGW,YGW
medium_airport,Bodø Airport,EU,NO,Bodø,yes,ENBO,BOO
medium_airport,Montréal / Saint-Hubert Metropolitan Airport,NA,CA,Montréal,yes,CYHU,YHU
medium_airport,Hay River / Merlyn Carter Airport,NA,CA,Hay River,yes,CYHY,YHY
large_airport,Halifax / Stanfield International Airport,NA,CA,Halifax,yes,CYHZ,YHZ
medium_airport,St Augustin Airport,NA,CA,St-Augustin,yes,CYIF,YIF
medium_airport,Island Lake Airport,NA,CA,Island Lake,yes,CYIV,YIV
medium_airport,Kamloops John Moose Fulton Field Regional Airport,NA,CA,Kamloops,yes,CYKA,YKA
medium_airport,Region of Waterloo International Airport,NA,CA,Breslau,yes,CYKF,YKF
medium_airport,Schefferville Airport,NA,CA,Schefferville,yes,CYKL,YKL
medium_airport,Lloydminster Airport,NA,CA,Lloydminster,yes,CYLL,YLL
medium_airport,Barrie-Lake Simcoe Regional Airport,NA,CA,Barrie,yes,CYLS,YLK
medium_airport,Kelowna International Airport,NA,CA,Kelowna,yes,CYLW,YLW
medium_airport,Fort McMurray Airport,NA,CA,Fort McMurray,yes,CYMM,YMM
medium_airport,Moosonee Airport,NA,CA,Moosonee,yes,CYMO,YMO
medium_airport,Chapais Airport,NA,CA,Chibougamau,yes,CYMT,YMT
medium_airport,Natashquan Airport,NA,CA,Natashquan,yes,CYNA,YNA
medium_airport,Ottawa / Gatineau Airport,NA,CA,Gatineau,yes,CYND,YND
medium_airport,Points North Landing Airport,NA,CA,Points North Landing,yes,CYNL,YNL
medium_airport,High Level Airport,NA,CA,High Level,yes,CYOJ,YOJ
large_airport,Ottawa Macdonald-Cartier International Airport,NA,CA,Ottawa,yes,CYOW,YOW
medium_airport,Prince Albert Glass Field,NA,CA,Prince Albert,yes,CYPA,YPA
medium_airport,Peace River Airport,NA,CA,Peace River,yes,CYPE,YPE
medium_airport,Pickle Lake Airport,NA,CA,Pickle Lake,yes,CYPL,YPL
medium_airport,Port-Menier Airport,NA,CA,Port-Menier,yes,CYPN,YPN
medium_airport,Prince Rupert Airport,NA,CA,Prince Rupert,yes,CYPR,YPR
medium_airport,Powell River Airport,NA,CA,Powell River,yes,CYPW,YPW
medium_airport,Puvirnituq Airport,NA,CA,Puvirnituq,yes,CYPX,YPX
medium_airport,Fort Chipewyan Airport,NA,CA,Fort Chipewyan,yes,CYPY,YPY
medium_airport,Burns Lake Airport,NA,CA,Burns Lake,yes,CYPZ,YPZ
medium_airport,Muskoka Airport,NA,CA,Gravenhurst,yes,CYQA,YQA
large_airport,Quebec Jean Lesage International Airport,NA,CA,Quebec,yes,CYQB,YQB
medium_airport,The Pas Airport,NA,CA,The Pas,yes,CYQD,YQD
medium_airport,Windsor Airport,NA,CA,Windsor,yes,CYQG,YQG
medium_airport,Watson Lake Airport,NA,CA,Watson Lake,yes,CYQH,YQH
medium_airport,Kenora Airport,NA,CA,Kenora,yes,CYQK,YQK
medium_airport,Lethbridge County Airport,NA,CA,Lethbridge,yes,CYQL,YQL
medium_airport,Greater Moncton Roméo LeBlanc International Airport,NA,CA,Moncton,yes,CYQM,YQM
medium_airport,Nakina Airport,NA,CA,Nakina,yes,CYQN,YQN
medium_airport,Comox Valley Airport / CFB Comox,NA,CA,Comox,yes,CYQQ,YQQ
medium_airport,Regina International Airport,NA,CA,Regina,yes,CYQR,YQR
medium_airport,Thunder Bay Airport,NA,CA,Thunder Bay,yes,CYQT,YQT
medium_airport,Grande Prairie Airport,NA,CA,Grande Prairie,yes,CYQU,YQU
medium_airport,Gander International Airport / CFB Gander,NA,CA,Gander,yes,CYQX,YQX
medium_airport,Sydney / J.A. Douglas McCurdy Airport,NA,CA,Sydney,yes,CYQY,YQY
medium_airport,Quesnel Airport,NA,CA,Quesnel,yes,CYQZ,YQZ
medium_airport,Resolute Bay Airport,NA,CA,Resolute Bay,yes,CYRB,YRB
medium_airport,Roberval Airport,NA,CA,Roberval,yes,CYRJ,YRJ
medium_airport,Red Lake Airport,NA,CA,Red Lake,yes,CYRL,YRL
medium_airport,Rankin Inlet Airport,NA,CA,Rankin Inlet,yes,CYRT,YRT
medium_airport,Sudbury Airport,NA,CA,Sudbury,yes,CYSB,YSB
large_airport,Vilnius International Airport,EU,LT,Vilnius,yes,EYVI,VNO
medium_airport,Stony Rapids Airport,NA,CA,Stony Rapids,yes,CYSF,YSF
medium_airport,Saint John Airport,NA,CA,Saint John,yes,CYSJ,YSJ
medium_airport,Fort Smith Airport,NA,CA,Fort Smith,yes,CYSM,YSM
medium_airport,Niagara District Airport,NA,CA,Niagara-on-the-Lake,yes,CYSN,YCM
medium_airport,Thompson Airport,NA,CA,Thompson,yes,CYTH,YTH
medium_airport,Timmins/Victor M. Power,NA,CA,Timmins,yes,CYTS,YTS
medium_airport,Billy Bishop Toronto City Centre Airport,NA,CA,Toronto,yes,CYTZ,YTZ
large_airport,Montreal / Pierre Elliott Trudeau International Airport,NA,CA,Montréal,yes,CYUL,YUL
medium_airport,Hall Beach Airport,NA,CA,Sanirajak,yes,CYUX,YUX
medium_airport,Rouyn Noranda Airport,NA,CA,Rouyn-Noranda,yes,CYUY,YUY
medium_airport,Bonaventure Airport,NA,CA,Bonaventure,yes,CYVB,YVB
medium_airport,La Ronge Airport,NA,CA,La Ronge,yes,CYVC,YVC
medium_airport,Val-d'Or Airport,NA,CA,Val-d'Or,yes,CYVO,YVO
medium_airport,Kuujjuaq Airport,NA,CA,Kuujjuaq,yes,CYVP,YVP
medium_airport,Norman Wells Airport,NA,CA,Norman Wells,yes,CYVQ,YVQ
large_airport,Vancouver International Airport,NA,CA,Vancouver,yes,CYVR,YVR
medium_airport,Wiarton Airport,NA,CA,Wiarton,yes,CYVV,YVV
medium_airport,Mmabatho International Airport,AF,ZA,Mafeking,yes,FAMM,MBD
large_airport,Winnipeg / James Armstrong Richardson International Airport,NA,CA,Winnipeg,yes,CYWG,YWG
medium_airport,Wabush Airport,NA,CA,Wabush,yes,CYWK,YWK
medium_airport,Williams Lake Airport,NA,CA,Williams Lake,yes,CYWL,YWL
medium_airport,Cranbrook/Canadian Rockies International Airport,NA,CA,Cranbrook,yes,CYXC,YXC
medium_airport,Saskatoon John G. Diefenbaker International Airport,NA,CA,Saskatoon,yes,CYXE,YXE
medium_airport,Medicine Hat Regional Airport,NA,CA,Medicine Hat,yes,CYXH,YXH
medium_airport,Fort St John / North Peace Regional Airport,NA,CA,Fort Saint John,yes,CYXJ,YXJ
medium_airport,Rimouski Airport,NA,CA,Rimouski,yes,CYXK,YXK
medium_airport,Sioux Lookout Airport,NA,CA,Sioux Lookout,yes,CYXL,YXL
medium_airport,Prince George Airport,NA,CA,Prince George,yes,CYXS,YXS
medium_airport,Northwest Regional Airport Terrace-Kitimat,NA,CA,Terrace,yes,CYXT,YXT
medium_airport,London Airport,NA,CA,London,yes,CYXU,YXU
medium_airport,Abbotsford International Airport,NA,CA,Abbotsford,yes,CYXX,YXX
medium_airport,Whitehorse / Erik Nielsen International Airport,NA,CA,Whitehorse,yes,CYXY,YXY
medium_airport,North Bay Jack Garland Airport,NA,CA,North Bay,yes,CYYB,YYB
large_airport,Calgary International Airport,NA,CA,Calgary,yes,CYYC,YYC
medium_airport,Smithers Airport,NA,CA,Smithers,yes,CYYD,YYD
medium_airport,Fort Nelson Airport,NA,CA,Fort Nelson,yes,CYYE,YYE
medium_airport,Penticton Airport,NA,CA,Penticton,yes,CYYF,YYF
medium_airport,Charlottetown Airport,NA,CA,Charlottetown,yes,CYYG,YYG
medium_airport,Victoria International Airport,NA,CA,Victoria,yes,CYYJ,YYJ
medium_airport,Lynn Lake Airport,NA,CA,Lynn Lake,yes,CYYL,YYL
medium_airport,Churchill Airport,NA,CA,Churchill,yes,CYYQ,YYQ
medium_airport,Goose Bay Airport,NA,CA,Goose Bay,yes,CYYR,YYR
large_airport,St. John's International Airport,NA,CA,St. John's,yes,CYYT,YYT
medium_airport,Mont Joli Airport,NA,CA,Mont-Joli,yes,CYYY,YYY
large_airport,Toronto Lester B. Pearson International Airport,NA,CA,Toronto,yes,CYYZ,YYZ
medium_airport,Yellowknife International Airport,NA,CA,Yellowknife,yes,CYZF,YZF
medium_airport,Sandspit Airport,NA,CA,Sandspit,yes,CYZP,YZP
medium_airport,Coral Harbour Airport,NA,CA,Coral Harbour,yes,CYZS,YZS
medium_airport,Port Hardy Airport,NA,CA,Port Hardy,yes,CYZT,YZT
medium_airport,Whitecourt Airport,NA,CA,Whitecourt,yes,CYZU,YZU
medium_airport,Sept-Îles Airport,NA,CA,Sept-Îles,yes,CYZV,YZV
medium_airport,Bathurst Airport,NA,CA,South Tetagouche,yes,CZBF,ZBF
medium_airport,Masset Airport,NA,CA,Masset,yes,CZMT,ZMT
medium_airport,Sandy Lake Airport,NA,CA,Sandy Lake,yes,CZSJ,ZSJ
medium_airport,Soummam–Abane Ramdane Airport,AF,DZ,Béjaïa,yes,DAAE,BJA
large_airport,Houari Boumediene Airport,AF,DZ,Algiers,yes,DAAG,ALG
medium_airport,Djanet Inedbirene Airport,AF,DZ,Djanet,yes,DAAJ,DJG
medium_airport,Illizi Takhamalt Airport,AF,DZ,Illizi,yes,DAAP,VVZ
medium_airport,Ain Arnat Airport,AF,DZ,Sétif,yes,DAAS,QSF
medium_airport,Aguenar – Hadj Bey Akhamok Airport,AF,DZ,Tamanrasset,yes,DAAT,TMR
medium_airport,Jijel Ferhat Abbas Airport,AF,DZ,Tahir,yes,DAAV,GJL
medium_airport,Annaba Rabah Bitat Airport,AF,DZ,Annaba,yes,DABB,AAE
medium_airport,Mohamed Boudiaf International Airport,AF,DZ,Constantine,yes,DABC,CZL
medium_airport,Cheikh Larbi Tébessi Airport,AF,DZ,Tébessi,yes,DABS,TEE
medium_airport,Batna Mostefa Ben Boulaid Airport,AF,DZ,Batna,yes,DABT,BLJ
medium_airport,Deering Airport,NA,US,Deering,yes,PADE,DRG
medium_airport,Tindouf Airport,AF,DZ,Tindouf,yes,DAOF,TIN
medium_airport,Chlef Aboubakr Belkaid International Airport,AF,DZ,Chlef,yes,DAOI,CFK
medium_airport,Zenata – Messali El Hadj Airport,AF,DZ,Zenata,yes,DAON,TLM
medium_airport,Oran Es-Sénia (Ahmed Ben Bella) International Airport,AF,DZ,Es-Sénia,yes,DAOO,ORN
medium_airport,Béchar Boudghene Ben Ali Lotfi Airport,AF,DZ,Béchar,yes,DAOR,CBH
medium_airport,Touat Cheikh Sidi Mohamed Belkebir Airport,AF,DZ,Adrar,yes,DAUA,AZR
medium_airport,Biskra - Mohamed Khider Airport,AF,DZ,Biskra,yes,DAUB,BSK
medium_airport,El Golea Airport,AF,DZ,El Menia,yes,DAUE,ELG
medium_airport,Noumérat - Moufdi Zakaria Airport,AF,DZ,El Atteuf,yes,DAUG,GHA
medium_airport,Hassi Messaoud-Oued Irara Krim Belkacem Airport,AF,DZ,Hassi Messaoud,yes,DAUH,HME
medium_airport,In Salah Airport,AF,DZ,In Salah,yes,DAUI,INZ
medium_airport,Touggourt Sidi Madhi Airport,AF,DZ,Touggourt,yes,DAUK,TGR
medium_airport,Guemar Airport - مطار قمار بالوادي,AF,DZ,Guemar,yes,DAUO,ELU
medium_airport,Timimoun Airport,AF,DZ,Timimoun,yes,DAUT,TMX
medium_airport,Ain Beida Airport,AF,DZ,Ouargla,yes,DAUU,OGX
medium_airport,Zarzaitine - In Aménas Airport,AF,DZ,In Aménas,yes,DAUZ,IAM
medium_airport,Cadjehoun Airport,AF,BJ,Cotonou,yes,DBBB,COO
medium_airport,Adak Airport,NA,US,Adak,yes,PADK,ADK
medium_airport,Ouagadougou Airport,AF,BF,Ouagadougou,yes,DFFD,OUA
medium_airport,Bobo Dioulasso Airport,AF,BF,Bobo Dioulasso,yes,DFOO,BOY
large_airport,Kotoka International Airport,AF,GH,Accra,yes,DGAA,ACC
medium_airport,Tamale Airport,AF,GH,Tamale,yes,DGLE,TML
medium_airport,Montpellier-Méditerranée Airport,EU,FR,Montpellier/Méditerranée,yes,LFMT,MPL
medium_airport,Kumasi Airport,AF,GH,Kumasi,yes,DGSI,KMS
medium_airport,Sunyani Airport,AF,GH,Sunyani,yes,DGSN,NYI
medium_airport,Takoradi Airport,AF,GH,Sekondi-Takoradi,yes,DGTK,TKD
medium_airport,Félix-Houphouët-Boigny International Airport,AF,CI,Abidjan,yes,DIAP,ABJ
medium_airport,Bouaké Airport,AF,CI,Bouaké,yes,DIBK,BYK
medium_airport,Korhogo Airport,AF,CI,Korhogo,yes,DIKO,HGO
medium_airport,Menongue Airport,AF,AO,Menongue,yes,FNME,SPP
medium_airport,San Pedro Airport,AF,CI,,yes,DISP,SPY
medium_airport,Béziers Vias airport,EU,FR,Béziers,yes,LFMU,BZR
large_airport,Nnamdi Azikiwe International Airport,AF,NG,Abuja,yes,DNAA,ABV
medium_airport,Akwa Ibom International Airport,AF,NG,Uyo,yes,DNAI,QUO
medium_airport,Akure Airport,AF,NG,Akure,yes,DNAK,AKR
medium_airport,Benin Airport,AF,NG,Benin,yes,DNBE,BNI
medium_airport,Margaret Ekpo International Airport,AF,NG,Calabar,yes,DNCA,CBQ
medium_airport,Akanu Ibiam International Airport,AF,NG,Enegu,yes,DNEN,ENU
medium_airport,Gombe Lawanti International Airport,AF,NG,Gombe,yes,DNGO,GMO
medium_airport,Ibadan Airport,AF,NG,Ibadan,yes,DNIB,IBA
medium_airport,Ilorin International Airport,AF,NG,Ilorin,yes,DNIL,ILR
medium_airport,Sam Mbakwe International Airport,AF,NG,Owerri,yes,DNIM,QOW
medium_airport,Yakubu Gowon Airport,AF,NG,Jos,yes,DNJO,JOS
medium_airport,Kaduna Airport,AF,NG,Kaduna,yes,DNKA,KAD
medium_airport,Mallam Aminu International Airport,AF,NG,Kano,yes,DNKN,KAN
medium_airport,Maiduguri International Airport,AF,NG,Maiduguri,yes,DNMA,MIU
medium_airport,Makurdi Airport,AF,NG,Makurdi,yes,DNMK,MDI
large_airport,Murtala Muhammed International Airport,AF,NG,Lagos,yes,DNMM,LOS
medium_airport,Port Harcourt International Airport,AF,NG,Port Harcourt,yes,DNPO,PHC
medium_airport,Sadiq Abubakar III International Airport,AF,NG,Sokoto,yes,DNSO,SKO
medium_airport,Warri Airport,AF,NG,Okpe,yes,DNSU,QRW
medium_airport,Yola Airport,AF,NG,Yola,yes,DNYO,YOL
large_airport,Diori Hamani International Airport,AF,NE,Niamey,yes,DRRN,NIM
medium_airport,Mano Dayak International Airport,AF,NE,Agadez,yes,DRZA,AJY
medium_airport,Zinder Airport,AF,NE,Zinder,yes,DRZR,ZND
medium_airport,Tabarka-Aïn Draham International Airport,AF,TN,Tabarka,yes,DTKA,TBJ
medium_airport,Monastir Habib Bourguiba International Airport,AF,TN,Monastir,yes,DTMB,MIR
medium_airport,Enfidha - Hammamet International Airport,AF,TN,Enfidha,yes,DTNH,NBE
large_airport,Tunis Carthage International Airport,AF,TN,Tunis,yes,DTTA,TUN
medium_airport,Gafsa Ksar International Airport,AF,TN,Gafsa,yes,DTTF,GAF
medium_airport,Gabès Matmata International Airport,AF,TN,Gabès,yes,DTTG,GAE
medium_airport,Djerba Zarzis International Airport,AF,TN,Mellita,yes,DTTJ,DJE
medium_airport,Sfax Thyna International Airport,AF,TN,Sfax,yes,DTTX,SFA
medium_airport,Tozeur Nefta International Airport,AF,TN,Tozeur,yes,DTTZ,TOE
medium_airport,Avignon Caumont airport,EU,FR,Avignon,yes,LFMV,AVN
medium_airport,Lomé–Tokoin International Airport,AF,TG,Lomé,yes,DXXX,LFW
medium_airport,Antwerp International Airport (Deurne),EU,BE,Antwerp,yes,EBAW,ANR
large_airport,Brussels Airport,EU,BE,Zaventem,yes,EBBR,BRU
medium_airport,Brussels South Charleroi Airport,EU,BE,Charleroi,yes,EBCI,CRL
medium_airport,Berlevåg Airport,EU,NO,Berlevåg,yes,ENBV,BVG
medium_airport,Liège Airport,EU,BE,Grâce-Hollogne,yes,EBLG,LGG
medium_airport,Oostende-Brugge International Airport,EU,BE,Oostende,yes,EBOS,OST
medium_airport,Heringsdorf Airport,EU,DE,Zirchow,yes,EDAH,HDF
large_airport,Berlin Brandenburg Airport,EU,DE,Berlin,yes,EDDB,BER
medium_airport,Dresden Airport,EU,DE,Dresden,yes,EDDC,DRS
medium_airport,Erfurt-Weimar Airport,EU,DE,Erfurt,yes,EDDE,ERF
large_airport,Frankfurt Airport,EU,DE,Frankfurt am Main,yes,EDDF,FRA
medium_airport,Münster Osnabrück Airport,EU,DE,Greven,yes,EDDG,FMO
large_airport,Hamburg Helmut Schmidt Airport,EU,DE,Hamburg,yes,EDDH,HAM
large_airport,Cologne Bonn Airport,EU,DE,Köln (Cologne),yes,EDDK,CGN
large_airport,Düsseldorf Airport,EU,DE,Düsseldorf,yes,EDDL,DUS
large_airport,Munich Airport,EU,DE,Munich,yes,EDDM,MUC
large_airport,Nuremberg Airport,EU,DE,Nuremberg,yes,EDDN,NUE
large_airport,Leipzig/Halle Airport,EU,DE,Schkeuditz,yes,EDDP,LEJ
medium_airport,Saarbrücken Airport,EU,DE,Saarbrücken,yes,EDDR,SCN
large_airport,Stuttgart Airport,EU,DE,Stuttgart,yes,EDDS,STR
large_airport,Hannover Airport,EU,DE,Hannover,yes,EDDV,HAJ
medium_airport,Bremen Airport,EU,DE,Bremen,yes,EDDW,BRE
medium_airport,Frankfurt-Hahn Airport,EU,DE,Frankfurt am Main (Lautzenhausen),yes,EDFH,HHN
medium_airport,Mannheim-City Airport,EU,DE,Mannheim,yes,EDFM,MHG
medium_airport,Lübeck Blankensee Airport,EU,DE,Lübeck,yes,EDHL,LBC
medium_airport,Memmingen Allgau Airport,EU,DE,Memmingen,yes,EDJA,FMM
medium_airport,Paderborn Lippstadt Airport,EU,DE,Büren,yes,EDLP,PAD
medium_airport,Weeze Airport,EU,DE,Weeze,yes,EDLV,NRN
medium_airport,Dortmund Airport,EU,DE,Dortmund,yes,EDLW,DTM
medium_airport,Friedrichshafen Airport,EU,DE,Friedrichshafen,yes,EDNY,FDH
medium_airport,Karlsruhe Baden-Baden Airport,EU,DE,Rheinmünster,yes,EDSB,FKB
medium_airport,Kassel Airport,EU,DE,Calden,yes,EDVK,KSF
medium_airport,Westerland Sylt Airport,EU,DE,Sylt,yes,EDXW,GWT
medium_airport,Kärdla Airport,EU,EE,Kärdla,yes,EEKA,KDL
medium_airport,Kuressaare Airport,EU,EE,Kuressaare,yes,EEKE,URE
medium_airport,Pärnu Airport,EU,EE,Pärnu,yes,EEPU,EPU
large_airport,Lennart Meri Tallinn Airport,EU,EE,Tallinn,yes,EETN,TLL
medium_airport,Tartu Airport,EU,EE,Reola,yes,EETU,TAY
large_airport,Helsinki Vantaa Airport,EU,FI,Helsinki (Vantaa),yes,EFHK,HEL
medium_airport,Ivalo Airport,EU,FI,Ivalo,yes,EFIV,IVL
medium_airport,Joensuu Airport,EU,FI,Joensuu,yes,EFJO,JOE
medium_airport,Jyväskylä Airport,EU,FI,Jyväskylän Maalaiskunta,yes,EFJY,JYV
medium_airport,Kajaani Airport,EU,FI,Kajaani,yes,EFKI,KAJ
medium_airport,Kittilä Airport,EU,FI,Kittilä,yes,EFKT,KTT
medium_airport,Kuopio Airport,EU,FI,Kuopio / Siilinjärvi,yes,EFKU,KUO
medium_airport,Lappeenranta Airport,EU,FI,Lappeenranta,yes,EFLP,LPP
medium_airport,Mariehamn Airport,EU,FI,Mariehamn,yes,EFMA,MHQ
medium_airport,Pori Airport,EU,FI,Pori,yes,EFPO,POR
medium_airport,Rovaniemi Airport,EU,FI,Rovaniemi,yes,EFRO,RVN
medium_airport,Savonlinna Airport,EU,FI,Savonlinna,yes,EFSA,SVL
medium_airport,Tampere-Pirkkala Airport,EU,FI,Tampere / Pirkkala,yes,EFTP,TMP
medium_airport,Turku Airport,EU,FI,Turku,yes,EFTU,TKU
medium_airport,Vaasa Airport,EU,FI,Vaasa,yes,EFVA,VAA
medium_airport,George Best Belfast City Airport,EU,GB,Belfast,yes,EGAC,BHD
medium_airport,City of Derry Airport,EU,GB,Derry,yes,EGAE,LDY
large_airport,Birmingham Airport,EU,GB,"Birmingham, West Midlands",yes,EGBB,BHX
large_airport,Manchester Airport,EU,GB,"Manchester, Greater Manchester",yes,EGCC,MAN
medium_airport,Campbeltown Airport,EU,GB,Campbeltown,yes,EGEC,CAL
medium_airport,Cardiff International Airport,EU,GB,Cardiff,yes,EGFF,CWL
medium_airport,Bristol Airport,EU,GB,Bristol,yes,EGGD,BRS
medium_airport,Liverpool John Lennon Airport,EU,GB,Liverpool,yes,EGGP,LPL
medium_airport,Bournemouth Airport,EU,GB,Bournemouth,yes,EGHH,BOH
medium_airport,Southampton Airport,EU,GB,Southampton,yes,EGHI,SOU
medium_airport,Cornwall Airport Newquay,EU,GB,Newquay,yes,EGHQ,NQY
medium_airport,Alderney Airport,EU,GG,Saint Anne,yes,EGJA,ACI
medium_airport,Guernsey Airport,EU,GG,Saint Peter Port,yes,EGJB,GCI
medium_airport,Jersey Airport,EU,JE,St. Peter,yes,EGJJ,JER
large_airport,London Gatwick Airport,EU,GB,London,yes,EGKK,LGW
medium_airport,London City Airport,EU,GB,London,yes,EGLC,LCY
large_airport,London Heathrow Airport,EU,GB,London,yes,EGLL,LHR
medium_airport,London Southend Airport,EU,GB,"Southend-on-Sea, Essex",yes,EGMC,SEN
medium_airport,Humberside Airport,EU,GB,"Grimsby, Lincolnshire",yes,EGNJ,HUY
medium_airport,Leeds Bradford Airport,EU,GB,"Leeds, West Yorkshire",yes,EGNM,LBA
medium_airport,Isle of Man Airport,EU,IM,Castletown,yes,EGNS,IOM
medium_airport,Newcastle International Airport,EU,GB,"Newcastle upon Tyne, Tyne and Wear",yes,EGNT,NCL
medium_airport,Teesside International Airport,EU,GB,"Darlington, Durham",yes,EGNV,MME
medium_airport,East Midlands Airport,EU,GB,Nottingham,yes,EGNX,EMA
medium_airport,Kirkwall Airport,EU,GB,Orkney Islands,yes,EGPA,KOI
medium_airport,Aberdeen International Airport,EU,GB,Aberdeen,yes,EGPD,ABZ
medium_airport,Inverness Airport,EU,GB,Inverness,yes,EGPE,INV
large_airport,Glasgow Airport,EU,GB,Glasgow,yes,EGPF,GLA
large_airport,Edinburgh Airport,EU,GB,Edinburgh,yes,EGPH,EDI
medium_airport,Islay Airport,EU,GB,"Isle of Islay, Argyll and Bute",yes,EGPI,ILY
medium_airport,Glasgow Prestwick Airport,EU,GB,"Prestwick, South Ayrshire",yes,EGPK,PIK
medium_airport,Benbecula Airport,EU,GB,Balivanich,yes,EGPL,BEB
medium_airport,Dundee Airport,EU,GB,Dundee,yes,EGPN,DND
medium_airport,Barra Airport,EU,GB,Eoligarry,yes,EGPR,BRR
medium_airport,Tiree Airport,EU,GB,Balemartine,yes,EGPU,TRE
medium_airport,Norwich Airport,EU,GB,"Norwich, Norfolk",yes,EGSH,NWI
large_airport,London Stansted Airport,EU,GB,London,yes,EGSS,STN
medium_airport,Exeter International Airport,EU,GB,"Exeter, Devon",yes,EGTE,EXT
medium_airport,Mount Pleasant Airport,SA,FK,Mount Pleasant,yes,EGYP,MPN
large_airport,Amsterdam Airport Schiphol,EU,NL,Amsterdam,yes,EHAM,AMS
medium_airport,Maastricht Aachen Airport,EU,NL,Maastricht,yes,EHBK,MST
large_airport,Eindhoven Airport,EU,NL,Eindhoven,yes,EHEH,EIN
medium_airport,Groningen Airport Eelde,EU,NL,Groningen,yes,EHGG,GRQ
medium_airport,Rotterdam The Hague Airport,EU,NL,Rotterdam,yes,EHRD,RTM
medium_airport,Cork Airport,EU,IE,Cork,yes,EICK,ORK
medium_airport,Donegal Airport,EU,IE,Donegal,yes,EIDL,CFN
large_airport,Dublin Airport,EU,IE,Dublin,yes,EIDW,DUB
medium_airport,Ireland West Knock Airport,EU,IE,Charlestown,yes,EIKN,NOC
medium_airport,Kerry Airport,EU,IE,Farranfore,yes,EIKY,KIR
large_airport,Shannon Airport,EU,IE,Shannon,yes,EINN,SNN
medium_airport,Aarhus Airport,EU,DK,Aarhus,yes,EKAH,AAR
large_airport,Billund Airport,EU,DK,Billund,yes,EKBI,BLL
large_airport,Copenhagen Kastrup Airport,EU,DK,Copenhagen,yes,EKCH,CPH
medium_airport,Esbjerg Airport,EU,DK,Esbjerg,yes,EKEB,EBJ
medium_airport,Midtjyllands Airport / Air Base Karup,EU,DK,Karup,yes,EKKA,KRP
medium_airport,Odense Hans Christian Andersen Airport,EU,DK,Odense,yes,EKOD,ODE
medium_airport,Copenhagen Roskilde Airport,EU,DK,Roskilde,yes,EKRK,RKE
medium_airport,Bornholm Airport,EU,DK,Rønne,yes,EKRN,RNN
medium_airport,Sønderborg Airport,EU,DK,Sønderborg,yes,EKSB,SGD
medium_airport,Vágar Airport,EU,FO,Vágar,yes,EKVG,FAE
medium_airport,Aalborg Airport,EU,DK,Aalborg,yes,EKYT,AAL
large_airport,Luxembourg-Findel International Airport,EU,LU,Luxembourg,yes,ELLX,LUX
medium_airport,Ford Airport,NA,US,Kingsford,yes,KIMT,IMT
medium_airport,"Ålesund Airport, Vigra",EU,NO,Ålesund,yes,ENAL,AES
medium_airport,"Andøya Airport, Andenes",EU,NO,Andenes,yes,ENAN,ANX
medium_airport,Alta Airport,EU,NO,Alta,yes,ENAT,ALF
medium_airport,"Brønnøysund Airport, Brønnøy",EU,NO,Brønnøy,yes,ENBN,BNN
large_airport,"Bergen Airport, Flesland",EU,NO,Bergen,yes,ENBR,BGO
medium_airport,Båtsfjord Airport,EU,NO,Båtsfjord,yes,ENBS,BJF
medium_airport,"Kristiansand Airport, Kjevik",EU,NO,Kjevik,yes,ENCN,KRS
medium_airport,Bardufoss Airport,EU,NO,Målselv,yes,ENDU,BDU
medium_airport,"Harstad/Narvik Airport, Evenes",EU,NO,Evenes,yes,ENEV,EVE
medium_airport,Florø Airport,EU,NO,Florø,yes,ENFL,FRO
large_airport,"Oslo Airport, Gardermoen",EU,NO,Oslo (Gardermoen),yes,ENGM,OSL
medium_airport,"Haugesund Airport, Karmøy",EU,NO,Karmøy,yes,ENHD,HAU
medium_airport,Hammerfest Airport,EU,NO,Hammerfest,yes,ENHF,HFT
medium_airport,"Honningsvåg Airport, Valan",EU,NO,Honningsvåg,yes,ENHV,HVG
medium_airport,"Kristiansund Airport, Kvernberget",EU,NO,Kvernberget,yes,ENKB,KSU
medium_airport,"Kirkenes Airport, Høybuktmoen",EU,NO,Kirkenes,yes,ENKR,KKN
medium_airport,Leknes Airport,EU,NO,Leknes,yes,ENLK,LKN
medium_airport,Mehamn Airport,EU,NO,Mehamn,yes,ENMH,MEH
medium_airport,"Molde Airport, Årø",EU,NO,Årø,yes,ENML,MOL
medium_airport,"Mosjøen Airport, Kjærstad",EU,NO,Mosjøen,yes,ENMS,MJF
medium_airport,"Lakselv Airport, Banak",EU,NO,Lakselv,yes,ENNA,LKL
medium_airport,Ørland Airport,EU,NO,Ørland,yes,ENOL,OLA
medium_airport,"Ørsta-Volda Airport, Hovden",EU,NO,Ørsta,yes,ENOV,HOV
medium_airport,"Mo i Rana Airport, Røssvoll",EU,NO,Mo i Rana,yes,ENRA,MQN
medium_airport,"Rørvik Airport, Ryum",EU,NO,Rørvik,yes,ENRM,RVK
medium_airport,Røros Airport,EU,NO,Røros,yes,ENRO,RRS
medium_airport,"Svalbard Airport, Longyear",EU,NO,Longyearbyen,yes,ENSB,LYR
medium_airport,"Svolvær Airport, Helle",EU,NO,Svolvær,yes,ENSH,SVJ
medium_airport,"Stokmarknes Airport, Skagen",EU,NO,Hadsel,yes,ENSK,SKN
medium_airport,"Stord Airport, Sørstokken",EU,NO,Leirvik,yes,ENSO,SRP
medium_airport,Sørkjosen Airport,EU,NO,Sørkjosen,yes,ENSR,SOJ
medium_airport,"Vardø Airport, Svartnes",EU,NO,Vardø,yes,ENSS,VAW
medium_airport,"Sandnessjøen Airport, Stokka",EU,NO,Alstahaug,yes,ENST,SSJ
large_airport,"Tromsø Airport, Langnes",EU,NO,Tromsø,yes,ENTC,TOS
medium_airport,"Sandefjord Airport, Torp",EU,NO,Torp,yes,ENTO,TRF
large_airport,"Trondheim Airport, Værnes",EU,NO,Trondheim,yes,ENVA,TRD
medium_airport,Vadsø Airport,EU,NO,Vadsø,yes,ENVD,VDS
medium_airport,Rarotonga International Airport,OC,CK,Avarua,yes,NCRG,RAR
large_airport,"Stavanger Airport, Sola",EU,NO,Stavanger,yes,ENZV,SVG
medium_airport,Bydgoszcz Ignacy Jan Paderewski Airport,EU,PL,Bydgoszcz,yes,EPBY,BZG
large_airport,Gdańsk Lech Wałęsa Airport,EU,PL,Gdańsk,yes,EPGD,GDN
large_airport,Kraków John Paul II International Airport,EU,PL,Balice,yes,EPKK,KRK
medium_airport,Katowice Wojciech Korfanty International Airport,EU,PL,Katowice,yes,EPKT,KTW
medium_airport,Lublin Airport,EU,PL,Lublin,yes,EPLB,LUZ
medium_airport,Łódź Władysław Reymont Airport,EU,PL,Łódź,yes,EPLL,LCJ
medium_airport,Modlin Airport,EU,PL,Nowy Dwór Mazowiecki,yes,EPMO,WMI
medium_airport,Poznań-Ławica Airport,EU,PL,Poznań,yes,EPPO,POZ
medium_airport,Warsaw Radom Airport,EU,PL,Radom,yes,EPRA,RDO
medium_airport,Rzeszów-Jasionka Airport,EU,PL,Jasionka,yes,EPRZ,RZE
medium_airport,Solidarity Szczecin–Goleniów Airport,EU,PL,Glewice,yes,EPSC,SZZ
medium_airport,Olsztyn-Mazury Airport,EU,PL,Szymany,yes,EPSY,SZY
large_airport,Warsaw Chopin Airport,EU,PL,Warsaw,yes,EPWA,WAW
medium_airport,Copernicus Wrocław Airport,EU,PL,Wrocław,yes,EPWR,WRO
medium_airport,Zielona Góra-Babimost Airport,EU,PL,Nowe Kramsko,yes,EPZG,IEG
medium_airport,Ronneby Airport,EU,SE,Ronneby,yes,ESDF,RNB
large_airport,Göteborg Landvetter Airport,EU,SE,Göteborg,yes,ESGG,GOT
medium_airport,Jönköping Airport,EU,SE,Jönköping,yes,ESGJ,JKG
medium_airport,Trollhättan-Vänersborg Airport,EU,SE,Trollhättan,yes,ESGT,THN
medium_airport,Mora Airport,EU,SE,Mora,yes,ESKM,MXX
medium_airport,Stockholm Skavsta Airport,EU,SE,Nyköping,yes,ESKN,NYO
medium_airport,Scandinavian Mountains Airport,EU,SE,Malung-Sälen,yes,,SCR
medium_airport,Kalmar Airport,EU,SE,Kalmar,yes,ESMQ,KLR
medium_airport,Malmö Sturup Airport,EU,SE,Malmö,yes,ESMS,MMX
medium_airport,Halmstad Airport,EU,SE,Halmstad,yes,ESMT,HAD
medium_airport,Växjö Kronoberg Airport,EU,SE,Växjö,yes,ESMX,VXO
medium_airport,Gällivare Airport,EU,SE,Gällivare,yes,ESNG,GEV
medium_airport,Kramfors-Sollefteå Höga Kusten Airport,EU,SE,Nyland,yes,ESNK,KRF
medium_airport,Lycksele Airport,EU,SE,Lycksele,yes,ESNL,LYC
medium_airport,Sundsvall-Härnösand Airport,EU,SE,Sundsvall/ Härnösand,yes,ESNN,SDL
medium_airport,Örnsköldsvik Airport,EU,SE,Örnsköldsvik,yes,ESNO,OER
medium_airport,Kiruna Airport,EU,SE,Kiruna,yes,ESNQ,KRN
medium_airport,Skellefteå Airport,EU,SE,Skellefteå,yes,ESNS,SFT
medium_airport,Umeå Airport,EU,SE,Umeå,yes,ESNU,UME
medium_airport,Vilhelmina South Lapland Airport,EU,SE,Vilhelmina,yes,ESNV,VHM
medium_airport,Arvidsjaur Airport,EU,SE,Arvidsjaur,yes,ESNX,AJR
medium_airport,Åre Östersund Airport,EU,SE,Östersund,yes,ESNZ,OSD
medium_airport,Örebro Airport,EU,SE,Örebro,yes,ESOE,ORB
medium_airport,Karlstad Airport,EU,SE,Karlstad,yes,ESOK,KSD
medium_airport,Stockholm Västerås Airport,EU,SE,Stockholm / Västerås,yes,ESOW,VST
medium_airport,Luleå Airport,EU,SE,Luleå,yes,ESPA,LLA
large_airport,Stockholm-Arlanda Airport,EU,SE,Stockholm,yes,ESSA,ARN
medium_airport,Stockholm-Bromma Airport,EU,SE,Stockholm,yes,ESSB,BMA
medium_airport,Dala Airport,EU,SE,Borlange,yes,ESSD,BLE
medium_airport,Linköping City Airport,EU,SE,Linköping,yes,ESSL,LPI
medium_airport,Norrköping Airport,EU,SE,Norrköping,yes,ESSP,NRK
medium_airport,Torsby Airport,EU,SE,Torsby,yes,ESST,TYF
medium_airport,Visby Airport,EU,SE,Visby,yes,ESSV,VBY
medium_airport,Ängelholm-Helsingborg Airport,EU,SE,Ängelholm,yes,ESTA,AGH
medium_airport,Sea-Airport Cuxhaven/Nordholz / Nordholz Naval Airbase,EU,DE,Wurster Nordseeküste,yes,ETMN,FCN
medium_airport,Rostock-Laage Airport,EU,DE,Laage,yes,ETNL,RLG
large_airport,Riga International Airport,EU,LV,Riga,yes,EVRA,RIX
medium_airport,Kaunas International Airport,EU,LT,Kaunas,yes,EYKA,KUN
medium_airport,Palanga International Airport,EU,LT,Palanga,yes,EYPA,PLQ
medium_airport,Bram Fischer International Airport,AF,ZA,Bloemfontain,yes,FABL,BFN
large_airport,Cape Town International Airport,AF,ZA,Cape Town,yes,FACT,CPT
medium_airport,King Phalo Airport,AF,ZA,East London,yes,FAEL,ELS
medium_airport,George Airport,AF,ZA,George,yes,FAGG,GRJ
medium_airport,Kimberley Airport,AF,ZA,Kimberley,yes,FAKM,KIM
medium_airport,Kruger Mpumalanga International Airport,AF,ZA,Mpumalanga,yes,FAKN,MQP
medium_airport,Lanseria International Airport,AF,ZA,Johannesburg,yes,FALA,HLA
large_airport,King Shaka International Airport,AF,ZA,Durban,yes,FALE,DUR
medium_airport,Margate Airport,AF,ZA,Margate,yes,FAMG,MGH
large_airport,O.R. Tambo International Airport,AF,ZA,Johannesburg,yes,FAOR,JNB
medium_airport,Chief Dawid Stuurman International Airport,AF,ZA,Gqeberha (Port Elizabeth),yes,FAPE,PLZ
medium_airport,Hendrik Van Eck Airport,AF,ZA,Phalaborwa,yes,FAPH,PHW
medium_airport,Pietermaritzburg Airport,AF,ZA,Pietermaritzburg,yes,FAPM,PZB
medium_airport,Polokwane International Airport,AF,ZA,Polokwane,yes,FAPP,PTG
medium_airport,Richards Bay Airport,AF,ZA,Richards Bay,yes,FARB,RCB
medium_airport,Sishen Airport,AF,ZA,Sishen,yes,FASS,SIS
medium_airport,Pierre Van Ryneveld Airport,AF,ZA,Upington,yes,FAUP,UTN
medium_airport,K. D. Matanzima Airport,AF,ZA,Mthatha,yes,FAUT,UTT
medium_airport,P G Matante Intl,AF,BW,Francistown,yes,FBPM,FRW
medium_airport,Kasane Airport,AF,BW,Kasane,yes,FBKE,BBK
medium_airport,Maun Airport,AF,BW,Maun,yes,FBMN,MUB
large_airport,Sir Seretse Khama International Airport,AF,BW,Gaborone,yes,FBSK,GBE
medium_airport,Maya-Maya Airport,AF,CG,Brazzaville,yes,FCBB,BZV
medium_airport,Toliara Airport,AF,MG,Toliara,yes,FMST,TLE
medium_airport,Antonio Agostinho-Neto International Airport,AF,CG,Pointe Noire,yes,FCPP,PNR
large_airport,King Mswati III International Airport,AF,SZ,Mpaka,yes,FDSK,SHO
medium_airport,Bangui M'Poko International Airport,AF,CF,Bangui,yes,FEFF,BGF
medium_airport,Malabo Airport,AF,GQ,Malabo,yes,FGSL,SSG
medium_airport,RAF Ascension Island,AF,SH,Cat Hill,yes,FHAW,ASI
medium_airport,Sir Charles Gaetan Duval Airport,AF,MU,Port Mathurin,yes,FIMR,RRG
medium_airport,Douala International Airport,AF,CM,Douala,yes,FKKD,DLA
medium_airport,Salak Airport,AF,CM,Maroua,yes,FKKL,MVR
medium_airport,N'Gaoundéré Airport,AF,CM,N'Gaoundéré,yes,FKKN,NGE
medium_airport,Garoua International Airport,AF,CM,Garoua,yes,FKKR,GOU
medium_airport,Yaoundé Nsimalen International Airport,AF,CM,Yaoundé,yes,FKYS,NSI
medium_airport,Harry Mwanga Nkumbula International Airport,AF,ZM,Livingstone,yes,FLHN,LVI
large_airport,Kenneth Kaunda International Airport,AF,ZM,Lusaka,yes,FLKK,LUN
medium_airport,Mfuwe Airport,AF,ZM,Mfuwe,yes,FLMF,MFU
medium_airport,Simon Mwansa Kapwepwe International Airport,AF,ZM,Ndola,yes,FLSK,NLA
medium_airport,Prince Said Ibrahim International Airport,AF,KM,Moroni,yes,FMCH,HAH
medium_airport,Ouani Airport,AF,KM,Ouani,yes,FMCV,AJN
medium_airport,Dzaoudzi Pamandzi International Airport,AF,YT,Dzaoudzi,yes,FMCZ,DZA
large_airport,Roland Garros Airport,AF,RE,Sainte-Marie,yes,FMEE,RUN
medium_airport,Pierrefonds Airport,AF,RE,Saint-Pierre,yes,FMEP,ZSE
large_airport,Ivato Airport,AF,MG,Antananarivo,yes,FMMI,TNR
medium_airport,Sainte Marie Airport,AF,MG,Vohilava,yes,FMMS,SMS
medium_airport,Toamasina Ambalamanasy Airport,AF,MG,Toamasina,yes,FMMT,TMM
medium_airport,Morondava Airport,AF,MG,Morondava,yes,FMMV,MOQ
medium_airport,Arrachart Airport,AF,MG,Antisiranana,yes,FMNA,DIE
medium_airport,Federico Fellini International Airport,EU,IT,Rimini (RN),yes,LIPR,RMI
large_airport,Verona Villafranca Valerio Catullo Airport,EU,IT,Caselle (VR),yes,LIPX,VRN
medium_airport,Besalampy Airport,AF,MG,Besalampy,yes,FMNQ,BPY
medium_airport,Maroantsetra Airport,AF,MG,Maroantsetra,yes,FMNR,WMN
medium_airport,Sambava Airport,AF,MG,Sambava,yes,FMNS,SVB
medium_airport,Tôlanaro Airport,AF,MG,Tôlanaro,yes,FMSD,FTU
medium_airport,Mananjary Airport,AF,MG,Mananjary,yes,FMSM,MNJ
medium_airport,Mbanza Congo Airport,AF,AO,Mbanza Congo,yes,FNBC,SSY
medium_airport,Cabinda Airport,AF,AO,Cabinda,yes,FNCA,CAB
medium_airport,Catumbela Airport,AF,AO,Catumbela,yes,FNCT,CBT
medium_airport,Dundo Airport,AF,AO,Chitato,yes,FNDU,DUE
medium_airport,Ngjiva Pereira Airport,AF,AO,Ngiva,yes,FNGI,VPE
medium_airport,Albano Machado Airport,AF,AO,Huambo,yes,FNHU,NOV
large_airport,Quatro de Fevereiro International Airport,AF,AO,Luanda,yes,FNLU,LAD
medium_airport,Malanje Airport,AF,AO,Malanje,yes,FNMA,MEG
medium_airport,Welwitschia Mirabilis International Airport,AF,AO,Moçâmedes,yes,FNMO,MSZ
medium_airport,Negage Airport,AF,AO,Negage,yes,FNNG,GXG
medium_airport,Soyo Airport,AF,AO,Soyo,yes,FNSO,SZA
medium_airport,Lubango Airport,AF,AO,Lubango,yes,FNUB,SDD
medium_airport,Oyem Airport,AF,GA,Oyem,yes,FOGO,OYE
medium_airport,Port Gentil Airport,AF,GA,Port Gentil,yes,FOOG,POG
medium_airport,Makokou Airport,AF,GA,Makokou,yes,FOOK,MKU
medium_airport,Libreville Leon M'ba International Airport,AF,GA,Libreville,yes,FOOL,LBV
medium_airport,M'Vengue El Hadj Omar Bongo Ondimba International Airport,AF,GA,Franceville,yes,FOON,MVB
medium_airport,Principe Airport,AF,ST,São Tomé & Príncipe,yes,FPPR,PCP
large_airport,São Tomé International Airport,AF,ST,São Tomé,yes,FPST,TMS
medium_airport,Beira Airport,AF,MZ,Beira,yes,FQBR,BEW
medium_airport,Chimoio Airport,AF,MZ,Chimoio,yes,FQCH,VPY
medium_airport,Inhambane Airport,AF,MZ,Inhambane,yes,FQIN,INH
medium_airport,Lichinga Airport,AF,MZ,Lichinga,yes,FQLC,VXC
large_airport,Maputo Airport,AF,MZ,Maputo,yes,FQMA,MPM
medium_airport,Nampula Airport,AF,MZ,Nampula,yes,FQNP,APL
medium_airport,Pemba Airport,AF,MZ,Pemba,yes,FQPB,POL
medium_airport,Quelimane Airport,AF,MZ,Quelimane,yes,FQQL,UEL
medium_airport,Chingozi Airport,AF,MZ,Tete,yes,FQTT,TET
medium_airport,Vilankulo Airport,AF,MZ,Vilanculo,yes,FQVL,VNX
large_airport,Seychelles International Airport,AF,SC,Mahe Island,yes,FSIA,SEZ
medium_airport,Praslin Island Airport,AF,SC,Praslin Island,yes,FSPP,PRI
medium_airport,Abeche Airport,AF,TD,Abeche,yes,FTTC,AEH
large_airport,N'Djamena International Airport,AF,TD,N'Djamena,yes,FTTJ,NDJ
medium_airport,Joshua Mqabuko Nkomo International Airport,AF,ZW,Bulawayo,yes,FVJN,BUQ
medium_airport,Victoria Falls International Airport,AF,ZW,Victoria Falls,yes,FVFA,VFA
large_airport,Robert Gabriel Mugabe International Airport,AF,ZW,Harare,yes,,HRE
medium_airport,JAGS McCartney International Airport,NA,TC,Cockburn Town,yes,MBGT,GDT
medium_airport,Chileka International Airport,AF,MW,Blantyre,yes,FWCL,BLZ
medium_airport,Kamuzu International Airport,AF,MW,Lumbadzi,yes,FWKI,LLW
medium_airport,Moshoeshoe I International Airport,AF,LS,Mazenod,yes,FXMM,MSU
medium_airport,Katima Mulilo Airport,AF,NA,Mpacha,yes,FYKM,MPA
medium_airport,Luderitz Airport,AF,NA,Luderitz,yes,FYLZ,LUD
medium_airport,Ondangwa Airport,AF,NA,Ondangwa,yes,FYOA,OND
medium_airport,Oranjemund Airport,AF,NA,Oranjemund,yes,FYOG,OMD
medium_airport,Rundu Airport,AF,NA,Rundu,yes,FYRU,NDU
medium_airport,Walvis Bay Airport,AF,NA,Rooikop,yes,FYWB,WVB
medium_airport,Eros Airport,AF,NA,Windhoek,yes,FYWE,ERS
large_airport,Hosea Kutako International Airport,AF,NA,Windhoek,yes,FYWH,WDH
large_airport,Ndjili International Airport,AF,CD,Kinshasa,yes,FZAA,FIH
medium_airport,Bandundu Airport,AF,CD,Bandundu,yes,FZBO,FDU
medium_airport,Kikwit Airport,AF,CD,Kikwit,yes,FZCA,KKW
medium_airport,Mbandaka Airport,AF,CD,Mbandaka,yes,FZEA,MDK
medium_airport,Gbadolite Airport,AF,CD,Gbadolite,yes,FZFD,BDT
medium_airport,Gemena Airport,AF,CD,Gemena,yes,FZFK,GMA
medium_airport,Bangoka International Airport,AF,CD,Kisangani,yes,FZIC,FKI
medium_airport,Matari Airport,AF,CD,Isiro,yes,FZJH,IRP
medium_airport,Bunia Airport,AF,CD,Bunia,yes,FZKA,BUX
medium_airport,Goma International Airport,AF,CD,Goma,yes,FZNA,GOM
medium_airport,Kindu Airport,AF,CD,Kindu,yes,FZOA,KND
medium_airport,Lubumbashi International Airport,AF,CD,Lubumbashi,yes,FZQA,FBM
medium_airport,Kolwezi Airport,AF,CD,Kolwezi,yes,FZQM,KWZ
medium_airport,Kalemie Airport,AF,CD,Kalemie,yes,FZRF,FMI
medium_airport,Kananga Airport,AF,CD,Kananga,yes,FZUA,KGA
medium_airport,Mbuji Mayi Airport,AF,CD,Mbuji Mayi,yes,FZWA,MJM
large_airport,Modibo Keita International Airport,AF,ML,Bamako,yes,GABS,BKO
medium_airport,Gao Airport,AF,ML,,yes,GAGO,GAQ
medium_airport,Mopti Ambodédjo International Airport,AF,ML,Sévaré,yes,GAMB,MZI
medium_airport,Timbuktu Airport,AF,ML,Timbuktu,yes,GATB,TOM
medium_airport,Grand Junction Regional Airport,NA,US,Grand Junction,yes,KGJT,GJT
large_airport,Banjul International Airport,AF,GM,Yundum,yes,GBYD,BJL
large_airport,Fuerteventura Airport,AF,ES,El Matorral,yes,GCFV,FUE
medium_airport,El Hierro Airport,AF,ES,El Hierro Island,yes,GCHI,VDE
medium_airport,La Palma Airport,AF,ES,"Sta Cruz de la Palma, La Palma Island",yes,GCLA,SPC
large_airport,Gran Canaria Airport,AF,ES,Gran Canaria Island,yes,GCLP,LPA
large_airport,César Manrique-Lanzarote Airport,AF,ES,San Bartolomé,yes,GCRR,ACE
large_airport,Tenerife Sur Airport,AF,ES,Tenerife,yes,GCTS,TFS
medium_airport,Tenerife Norte-Ciudad de La Laguna Airport,AF,ES,Tenerife,yes,GCXO,TFN
medium_airport,Melilla Airport,AF,ES,Melilla,yes,GEML,MLN
large_airport,Lungi International Airport,AF,SL,Freetown (Lungi-Town),yes,GFLL,FNA
medium_airport,Osvaldo Vieira International Airport,AF,GW,Bissau,yes,GGOV,OXB
medium_airport,Spriggs Payne Airport,AF,LR,Monrovia,yes,GLMR,MLW
large_airport,Roberts International Airport,AF,LR,Monrovia,yes,GLRB,ROB
large_airport,Al Massira Airport,AF,MA,Agadir (Temsia),yes,GMAD,AGA
medium_airport,Tan Tan Airport,AF,MA,Tan Tan,yes,GMAT,TTA
large_airport,Fes Saïss International Airport,AF,MA,Saïss,yes,GMFF,FEZ
medium_airport,Moulay Ali Cherif Airport,AF,MA,Errachidia,yes,GMFK,ERH
medium_airport,Oujda Angads Airport,AF,MA,Ahl Angad,yes,GMFO,OUD
large_airport,Rabat-Salé Airport,AF,MA,Rabat,yes,GMME,RBA
medium_airport,Dakhla Airport,AF,EH,Dakhla,yes,GMMH,VIL
medium_airport,Essaouira-Mogador Airport,AF,MA,Essaouira,yes,GMMI,ESU
medium_airport,Hassan I Airport,AF,EH,El Aaiún,yes,GMML,EUN
large_airport,Mohammed V International Airport,AF,MA,Casablanca,yes,GMMN,CMN
medium_airport,Nador Al Aaroui International Airport,AF,MA,Al Aaroui,yes,GMMW,NDR
large_airport,Menara Airport,AF,MA,Marrakech,yes,GMMX,RAK
medium_airport,Ouarzazate Airport,AF,MA,Ouarzazate,yes,GMMZ,OZZ
medium_airport,Sania Ramel Airport,AF,MA,Tétouan,yes,GMTN,TTU
large_airport,Tangier Ibn Battuta Airport,AF,MA,Tangier,yes,GMTT,TNG
large_airport,Blaise Diagne International Airport,AF,SN,Dakar,yes,GOBD,DSS
medium_airport,Cap Skirring Airport,AF,SN,Cap Skirring,yes,GOGS,CSK
large_airport,Nouakchott–Oumtounsy International Airport,AF,MR,Nouakchott,yes,GQNO,NKC
medium_airport,Nouadhibou International Airport,AF,MR,Nouadhibou,yes,GQPP,NDB
medium_airport,Conakry International Airport,AF,GN,Conakry,yes,GUCY,CKY
large_airport,Amílcar Cabral International Airport,AF,CV,Espargos,yes,GVAC,SID
medium_airport,Rabil Airport,AF,CV,Rabil,yes,GVBA,BVC
medium_airport,Maio Airport,AF,CV,Vila do Maio,yes,GVMA,MMO
large_airport,Nelson Mandela International Airport,AF,CV,Praia,yes,GVNP,RAI
medium_airport,Preguiça Airport,AF,CV,Preguiça,yes,GVSN,SNE
medium_airport,São Pedro Airport,AF,CV,São Pedro,yes,GVSV,VXE
large_airport,Addis Ababa Bole International Airport,AF,ET,Addis Ababa,yes,HAAB,ADD
medium_airport,Arba Minch Airport,AF,ET,Arba Minch,yes,HAAM,AMH
medium_airport,Axum Airport,AF,ET,Axum,yes,HAAX,AXU
medium_airport,Bahir Dar Airport,AF,ET,Bahir Dar,yes,HABD,BJR
medium_airport,Aba Tenna Dejazmach Yilma International Airport,AF,ET,Dire Dawa,yes,HADR,DIR
medium_airport,Gambela Airport,AF,ET,Gambela,yes,HAGM,GMB
medium_airport,Gondar Airport,AF,ET,Azezo,yes,HAGN,GDQ
medium_airport,Gode Airport,AF,ET,Gode,yes,HAGO,GDE
medium_airport,Wilwal International Airport,AF,ET,Jijiga,yes,HAJJ,JIJ
medium_airport,Jimma Airport,AF,ET,Jimma,yes,HAJM,JIM
medium_airport,Kebri Dahar Airport,AF,ET,Kebri Dahar,yes,HAKD,ABK
medium_airport,Hawassa International Airport,AF,ET,Hawassa,yes,HALA,AWA
medium_airport,Alula Aba Nega Airport,AF,ET,Mekele,yes,HAMK,MQX
medium_airport,Asosa Airport,AF,ET,Asosa,yes,HASO,ASO
medium_airport,Bujumbura Melchior Ndadaye International Airport,AF,BI,Bujumbura,yes,HBBA,BJM
medium_airport,Egal International Airport,AF,SO,Hargeisa,yes,HCMH,HGA
medium_airport,Berbera Airport,AF,SO,Berbera,yes,HCMI,BBO
medium_airport,Aden Adde International Airport,AF,SO,Mogadishu,yes,HCMM,MGQ
large_airport,Djibouti-Ambouli Airport,AF,DJ,Djibouti City,yes,HDAM,JIB
medium_airport,El Alamein International Airport,AF,EG,El Alamein,yes,HEAL,DBB
medium_airport,El Arish International Airport,AS,EG,El Arish,yes,HEAR,AAC
medium_airport,Asyut International Airport,AF,EG,Asyut,yes,HEAT,ATZ
large_airport,Alexandria International Airport,AF,EG,Alexandria,yes,HEAX,HBE
medium_airport,Abu Simbel Airport,AF,EG,Abu Simbel,yes,HEBL,ABS
large_airport,Cairo International Airport,AF,EG,Cairo,yes,HECA,CAI
large_airport,Hurghada International Airport,AF,EG,Hurghada,yes,HEGN,HRG
medium_airport,Luxor International Airport,AF,EG,Luxor,yes,HELX,LXR
medium_airport,Marsa Alam International Airport,AF,EG,Marsa Alam,yes,HEMA,RMF
medium_airport,Marsa Matruh International Airport,AF,EG,Marsa Matruh,yes,HEMM,MUH
large_airport,Sohag International Airport,AF,EG,Suhaj,yes,HESG,HMB
large_airport,Sharm El Sheikh International Airport,AS,EG,Sharm El Sheikh,yes,HESH,SSH
medium_airport,Aswan International Airport,AF,EG,Aswan,yes,HESN,ASW
medium_airport,Sphinx International Airport,AF,EG,Al Jiza,yes,HESX,SPX
medium_airport,Taba International Airport,AS,EG,Taba,yes,HETB,TCP
medium_airport,Asmara International Airport,AF,ER,Asmara,yes,HHAS,ASM
medium_airport,Assab International Airport,AF,ER,Assab,yes,HHSB,ASA
large_airport,Juba International Airport,AF,SS,Juba,yes,HJJJ,JUB
medium_airport,Amboseli Airport,AF,KE,Amboseli National Park,yes,HKAM,ASV
medium_airport,Eldoret International Airport,AF,KE,Eldoret,yes,HKEL,EDL
large_airport,Jomo Kenyatta International Airport,AF,KE,Nairobi,yes,HKJK,NBO
medium_airport,Kisumu Airport,AF,KE,Kisumu,yes,HKKI,KIS
medium_airport,Manda Airport,AF,KE,Lamu,yes,HKLU,LAU
medium_airport,Malindi Airport,AF,KE,Malindi,yes,HKML,MYD
large_airport,Moi International Airport,AF,KE,Mombasa,yes,HKMO,MBA
medium_airport,Mara Serena Lodge Airstrip,AF,KE,Masai Mara,yes,HKMS,MRE
medium_airport,Nanyuki Airport,AF,KE,Nanyuki,yes,HKNL,NYK
medium_airport,Nairobi Wilson Airport,AF,KE,Nairobi,yes,HKNW,WIL
medium_airport,Wajir Airport,AF,KE,Wajir,yes,HKWJ,WJR
medium_airport,Ghat Airport,AF,LY,Ghat,yes,HLGT,GHT
medium_airport,Kufra Airport,AF,LY,Kufra,yes,HLKF,AKF
medium_airport,Benina International Airport,AF,LY,Benina,yes,HLLB,BEN
large_airport,Mitiga International Airport,AF,LY,Tripoli,yes,HLLM,MJI
medium_airport,Al Abraq International Airport,AF,LY,Al Albraq,yes,HLLQ,LAQ
medium_airport,Sabha Airport,AF,LY,Sabha,yes,HLLS,SEB
medium_airport,Kozani National Airport Filippos,EU,GR,Kozani,yes,LGKZ,KZI
large_airport,Kigali International Airport,AF,RW,Kigali,yes,HRYR,KGL
medium_airport,Kamembe Airport,AF,RW,Kamembe,yes,HRZA,KME
medium_airport,Dongola Airport,AF,SD,Dongola,yes,HSDN,DOG
medium_airport,El Fasher Airport,AF,SD,El Fasher,yes,HSFS,ELF
medium_airport,Kassala Airport,AF,SD,Kassala,yes,HSKA,KSL
medium_airport,Nyala Airport,AF,SD,Nyala,yes,HSNN,UYL
medium_airport,El-Obeid Airport,AF,SD,El-Obeid,yes,HSOB,EBD
medium_airport,Port Sudan New International Airport,AF,SD,Port Sudan,yes,HSPN,PZU
large_airport,Khartoum International Airport,AF,SD,Khartoum,yes,HSSK,KRT
medium_airport,Arusha Airport,AF,TZ,Arusha,yes,HTAR,ARK
large_airport,Julius Nyerere International Airport,AF,TZ,Dar es Salaam,yes,HTDA,DAR
medium_airport,Dodoma Airport,AF,TZ,Dodoma,yes,HTDO,DOD
medium_airport,Songwe Airport,AF,TZ,Mbeya,yes,HTGW,MBI
medium_airport,Mtwara Airport,AF,TZ,Mtwara,yes,HTMT,MYW
medium_airport,Mwanza Airport,AF,TZ,Mwanza,yes,HTMW,MWZ
medium_airport,Tanga Airport,AF,TZ,Tanga,yes,HTTG,TGT
large_airport,Abeid Amani Karume International Airport,AF,TZ,Zanzibar,yes,HTZA,ZNZ
medium_airport,Arua Airport,AF,UG,Arua,yes,HUAR,RUA
large_airport,Entebbe International Airport,AF,UG,Kampala,yes,HUEN,EBB
medium_airport,Gulu Airport,AF,UG,Gulu,yes,HUGU,ULU
medium_airport,Soroti Airport,AF,UG,Soroti,yes,HUSO,SRT
medium_airport,Bilorai Airport,AS,ID,Bilogai,yes,,UGU
medium_airport,Ayodhya Airport,AS,IN,Faizabad,yes,VEAY,AYJ
medium_airport,Sindhudurg Airport,AS,IN,Chipi,yes,VOSR,SDW
large_airport,Navi Mumbai International Airport,AS,IN,Navi Mumbai,yes,VANM,NMI
medium_airport,Itanagar Donyi Polo Hollongi Airport,AS,IN,Hollongi,yes,,HGI
medium_airport,Maa Mahamaya Airport,AS,IN,Ambikapur,yes,VEAP,AHA
large_airport,Cayenne – Félix Eboué Airport,SA,GF,Matoury,yes,SOCA,CAY
medium_airport,Boulder City Municipal Airport,NA,US,Boulder City,yes,,BLD
medium_airport,Lehigh Valley International Airport,NA,US,Allentown,yes,KABE,ABE
medium_airport,Abilene Regional Airport,NA,US,Abilene,yes,KABI,ABI
large_airport,Albuquerque International Sunport,NA,US,Albuquerque,yes,KABQ,ABQ
medium_airport,Aberdeen Regional Airport,NA,US,Aberdeen,yes,KABR,ABR
medium_airport,Southwest Georgia Regional Airport,NA,US,Albany,yes,KABY,ABY
medium_airport,Nantucket Memorial Airport,NA,US,Nantucket,yes,KACK,ACK
medium_airport,Waco Regional Airport,NA,US,Waco,yes,KACT,ACT
medium_airport,California Redwood Coast-Humboldt County Airport,NA,US,Arcata/Eureka,yes,KACV,ACV
medium_airport,Atlantic City International Airport,NA,US,Atlantic City,yes,KACY,ACY
medium_airport,Alexandria International Airport,NA,US,Alexandria,yes,KAEX,AEX
medium_airport,Augusta Regional At Bush Field,NA,US,Augusta,yes,KAGS,AGS
medium_airport,Alliance Municipal Airport,NA,US,Alliance,yes,KAIA,AIA
medium_airport,Albany International Airport,NA,US,Albany,yes,KALB,ALB
medium_airport,Waterloo Regional Airport,NA,US,Waterloo,yes,KALO,ALO
medium_airport,San Luis Valley Regional Airport/Bergman Field,NA,US,Alamosa,yes,KALS,ALS
medium_airport,Walla Walla Regional Airport,NA,US,Walla Walla,yes,KALW,ALW
medium_airport,Rick Husband Amarillo International Airport,NA,US,Amarillo,yes,KAMA,AMA
medium_airport,Altoona Blair County Airport,NA,US,Altoona,yes,KAOO,AOO
medium_airport,Alpena County Regional Airport,NA,US,Alpena,yes,KAPN,APN
medium_airport,Watertown International Airport,NA,US,Watertown,yes,KART,ART
medium_airport,Aspen-Pitkin County Airport (Sardy Field),NA,US,Aspen,yes,KASE,ASE
large_airport,Hartsfield Jackson Atlanta International Airport,NA,US,Atlanta,yes,KATL,ATL
medium_airport,Appleton International Airport,NA,US,Appleton,yes,KATW,ATW
medium_airport,Watertown Regional Airport,NA,US,Watertown,yes,KATY,ATY
medium_airport,Augusta State Airport,NA,US,Augusta,yes,KAUG,AUG
large_airport,Austin Bergstrom International Airport,NA,US,Austin,yes,KAUS,AUS
medium_airport,Asheville Regional Airport,NA,US,Asheville,yes,KAVL,AVL
medium_airport,Wilkes Barre Scranton International Airport,NA,US,Wilkes-Barre/Scranton,yes,KAVP,AVP
medium_airport,Kalamazoo Battle Creek International Airport,NA,US,Kalamazoo,yes,KAZO,AZO
medium_airport,Branson Airport,NA,US,Branson,yes,KBBG,BKG
large_airport,Bradley International Airport,NA,US,Hartford,yes,KBDL,BDL
medium_airport,Laurence G Hanscom Field,NA,US,Bedford,yes,KBED,BED
medium_airport,Bradford Regional Airport,NA,US,Bradford,yes,KBFD,BFD
medium_airport,Western Neb. Rgnl/William B. Heilig Airport,NA,US,Scottsbluff,yes,KBFF,BFF
medium_airport,Boeing Field King County International Airport,NA,US,Seattle,yes,KBFI,BFI
medium_airport,Meadows Field,NA,US,Bakersfield,yes,KBFL,BFL
medium_airport,Greater Binghamton/Edwin A Link field,NA,US,Binghamton,yes,KBGM,BGM
medium_airport,Bangor International Airport,NA,US,Bangor,yes,KBGR,BGR
medium_airport,Hancock County-Bar Harbor Airport,NA,US,Bar Harbor,yes,KBHB,BHB
medium_airport,Birmingham-Shuttlesworth International Airport,NA,US,Birmingham,yes,KBHM,BHM
medium_airport,Eastern Sierra Regional Airport,NA,US,Bishop,yes,KBIH,BIH
medium_airport,Billings Logan International Airport,NA,US,Billings,yes,KBIL,BIL
medium_airport,Bismarck Municipal Airport,NA,US,Bismarck,yes,KBIS,BIS
medium_airport,Rocky Mountain Metropolitan Airport,NA,US,Denver,yes,KBJC,BJC
medium_airport,Raleigh County Memorial Airport,NA,US,Beaver,yes,KBKW,BKW
medium_airport,Bellingham International Airport,NA,US,Bellingham,yes,KBLI,BLI
medium_airport,Scott AFB/Midamerica Airport,NA,US,Belleville,yes,KBLV,BLV
medium_airport,Central Illinois Regional Airport at Bloomington-Normal,NA,US,Bloomington/Normal,yes,KBMI,BMI
large_airport,Nashville International Airport,NA,US,Nashville,yes,KBNA,BNA
medium_airport,Boise Air Terminal/Gowen Field,NA,US,Boise,yes,KBOI,BOI
large_airport,Logan International Airport,NA,US,Boston,yes,KBOS,BOS
medium_airport,Jack Brooks Regional Airport,NA,US,Beaumont/Port Arthur,yes,KBPT,BPT
medium_airport,Brunswick Golden Isles Airport,NA,US,Brunswick,yes,KBQK,BQK
medium_airport,Brainerd Lakes Regional Airport,NA,US,Brainerd,yes,KBRD,BRD
medium_airport,Southeast Iowa Regional Airport,NA,US,Burlington,yes,KBRL,BRL
medium_airport,Brownsville South Padre Island International Airport,NA,US,Brownsville,yes,KBRO,BRO
medium_airport,Bert Mooney Airport,NA,US,Butte,yes,KBTM,BTM
medium_airport,Baton Rouge Metropolitan Airport,NA,US,Baton Rouge,yes,KBTR,BTR
medium_airport,Burlington International Airport,NA,US,South Burlington,yes,KBTV,BTV
large_airport,Buffalo Niagara International Airport,NA,US,Buffalo,yes,KBUF,BUF
medium_airport,Hollywood Burbank Airport,NA,US,Burbank,yes,KBUR,BUR
large_airport,Baltimore/Washington International Thurgood Marshall Airport,NA,US,Baltimore,yes,KBWI,BWI
medium_airport,Bozeman Yellowstone International Airport,NA,US,Bozeman,yes,KBZN,BZN
medium_airport,Columbia Metropolitan Airport,NA,US,Columbia,yes,KCAE,CAE
medium_airport,Akron Canton Regional Airport,NA,US,Akron,yes,KCAK,CAK
medium_airport,F. D. Roosevelt Airport,NA,BQ,Oranjestad,yes,TNCE,EUX
medium_airport,Buchanan Field,NA,US,Concord,yes,KCCR,CCR
medium_airport,Cedar City Regional Airport,NA,US,Cedar City,yes,KCDC,CDC
medium_airport,Chadron Municipal Airport,NA,US,Chadron,yes,KCDR,CDR
medium_airport,Jack Mc Namara Field Airport,NA,US,Crescent City,yes,KCEC,CEC
medium_airport,Cortez Municipal Airport,NA,US,Cortez,yes,KCEZ,CEZ
medium_airport,Cape Girardeau Regional Airport,NA,US,Cape Girardeau,yes,KCGI,CGI
medium_airport,Chattanooga Metropolitan Airport (Lovell Field),NA,US,Chattanooga,yes,KCHA,CHA
medium_airport,Charlottesville Albemarle Airport,NA,US,Charlottesville,yes,KCHO,CHO
medium_airport,Charleston International Airport,NA,US,Charleston,yes,KCHS,CHS
medium_airport,The Eastern Iowa Airport,NA,US,Cedar Rapids,yes,KCID,CID
medium_airport,Chippewa County International Airport,NA,US,Kincheloe,yes,KCIU,CIU
medium_airport,North Central West Virginia Airport,NA,US,Bridgeport,yes,KCKB,CKB
large_airport,Cleveland Hopkins International Airport,NA,US,Cleveland,yes,KCLE,CLE
medium_airport,Easterwood Field,NA,US,College Station,yes,KCLL,CLL
large_airport,Charlotte Douglas International Airport,NA,US,Charlotte,yes,KCLT,CLT
large_airport,John Glenn Columbus International Airport,NA,US,Columbus,yes,KCMH,CMH
medium_airport,Houghton County Memorial Airport,NA,US,Hancock,yes,KCMX,CMX
medium_airport,Atyrau International Airport,AS,KZ,Atyrau,yes,UATG,GUW
medium_airport,Cavern City Air Terminal,NA,US,Carlsbad,yes,KCNM,CNM
medium_airport,Canyonlands Regional Airport,NA,US,Moab,yes,KCNY,CNY
medium_airport,Yellowstone Regional Airport,NA,US,Cody,yes,KCOD,COD
medium_airport,City of Colorado Springs Municipal Airport,NA,US,Colorado Springs,yes,KCOS,COS
medium_airport,Columbia Regional Airport,NA,US,Columbia,yes,KCOU,COU
medium_airport,Casper-Natrona County International Airport,NA,US,Casper,yes,KCPR,CPR
medium_airport,Corpus Christi International Airport,NA,US,Corpus Christi,yes,KCRP,CRP
medium_airport,McClellan-Palomar Airport,NA,US,Carlsbad,yes,KCRQ,CLD
large_airport,Cincinnati Northern Kentucky International Airport,NA,US,Cincinnati / Covington,yes,KCVG,CVG
medium_airport,Clovis Municipal Airport,NA,US,Clovis,yes,KCVN,CVN
medium_airport,Central Wisconsin Airport,NA,US,Mosinee,yes,KCWA,CWA
medium_airport,Cheyenne Regional Jerry Olson Field,NA,US,Cheyenne,yes,KCYS,CYS
medium_airport,Daytona Beach International Airport,NA,US,Daytona Beach,yes,KDAB,DAB
medium_airport,Dallas Love Field,NA,US,Dallas,yes,KDAL,DAL
medium_airport,James M Cox Dayton International Airport,NA,US,Dayton,yes,KDAY,DAY
medium_airport,Dubuque Regional Airport,NA,US,Dubuque,yes,KDBQ,DBQ
large_airport,Ronald Reagan Washington National Airport,NA,US,Washington,yes,KDCA,DCA
medium_airport,Dodge City Regional Airport,NA,US,Dodge City,yes,KDDC,DDC
medium_airport,Decatur Airport,NA,US,Decatur,yes,KDEC,DEC
large_airport,Denver International Airport,NA,US,Denver,yes,KDEN,DEN
large_airport,Dallas Fort Worth International Airport,NA,US,Dallas-Fort Worth,yes,KDFW,DFW
medium_airport,Dothan Regional Airport,NA,US,Dothan,yes,KDHN,DHN
medium_airport,Dickinson Theodore Roosevelt Regional Airport,NA,US,Dickinson,yes,KDIK,DIK
medium_airport,Duluth International Airport,NA,US,Duluth,yes,KDLH,DLH
medium_airport,Durango La Plata County Airport,NA,US,Durango,yes,KDRO,DRO
medium_airport,Des Moines International Airport,NA,US,Des Moines,yes,KDSM,DSM
medium_airport,Destin Executive Airport,NA,US,Destin,yes,KDTS,DSI
large_airport,Detroit Metropolitan Wayne County Airport,NA,US,Detroit,yes,KDTW,DTW
medium_airport,DuBois Regional Airport,NA,US,Dubois,yes,KDUJ,DUJ
medium_airport,Devils Lake Regional Airport,NA,US,Devils Lake,yes,KDVL,DVL
medium_airport,Beauvais Tillé airport,EU,FR,Beauvais,yes,LFOB,BVA
medium_airport,Williston Basin International Airport,NA,US,Williston,yes,KXWA,XWA
medium_airport,Kearney Regional Airport,NA,US,Kearney,yes,KEAR,EAR
medium_airport,Pangborn Memorial Airport,NA,US,Wenatchee,yes,KEAT,EAT
medium_airport,Chippewa Valley Regional Airport,NA,US,Eau Claire,yes,KEAU,EAU
medium_airport,Northwest Florida Beaches International Airport,NA,US,Panama City Beach,yes,KECP,ECP
medium_airport,Eagle County Regional Airport,NA,US,Eagle,yes,KEGE,EGE
medium_airport,Elko Regional Airport,NA,US,Elko,yes,KEKO,EKO
medium_airport,South Arkansas Regional Airport at Goodwin Field,NA,US,El Dorado,yes,KELD,ELD
medium_airport,Elmira Corning Regional Airport,NA,US,Elmira/Corning,yes,KELM,ELM
medium_airport,El Paso International Airport,NA,US,El Paso,yes,KELP,ELP
medium_airport,Erie International Tom Ridge Field,NA,US,Erie,yes,KERI,ERI
medium_airport,Delta County Airport,NA,US,Escanaba,yes,KESC,ESC
medium_airport,Mahlon Sweet Field,NA,US,Eugene,yes,KEUG,EUG
medium_airport,Evansville Regional Airport,NA,US,Evansville,yes,KEVV,EVV
medium_airport,New Bedford Regional Airport,NA,US,New Bedford,yes,KEWB,EWB
medium_airport,Coastal Carolina Regional Airport,NA,US,New Bern,yes,KEWN,EWN
large_airport,Newark Liberty International Airport,NA,US,Newark,yes,KEWR,EWR
medium_airport,Key West International Airport,NA,US,Key West,yes,KEYW,EYW
medium_airport,Hector International Airport,NA,US,Fargo,yes,KFAR,FAR
medium_airport,Fresno Yosemite International Airport,NA,US,Fresno,yes,KFAT,FAT
medium_airport,Fayetteville Regional Airport - Grannis Field,NA,US,Fayetteville,yes,KFAY,FAY
medium_airport,Friday Harbor Airport,NA,US,Friday Harbor,yes,KFHR,FRD
medium_airport,Flagstaff Pulliam International Airport,NA,US,Flagstaff,yes,KFLG,FLG
large_airport,Fort Lauderdale Hollywood International Airport,NA,US,Fort Lauderdale,yes,KFLL,FLL
medium_airport,Florence Regional Airport,NA,US,Florence,yes,KFLO,FLO
medium_airport,Bishop International Airport,NA,US,Flint,yes,KFNT,FNT
medium_airport,Fort Dodge Regional Airport,NA,US,Fort Dodge,yes,KFOD,FOD
medium_airport,Sioux Falls Regional Airport / Joe Foss Field,NA,US,Sioux Falls,yes,KFSD,FSD
medium_airport,Fort Smith Regional Airport,NA,US,Fort Smith,yes,KFSM,FSM
medium_airport,Fort Wayne International Airport,NA,US,Fort Wayne,yes,KFWA,FWA
medium_airport,Northeast Wyoming Regional Airport,NA,US,Gillette,yes,KGCC,GCC
medium_airport,Garden City Regional Airport,NA,US,Garden City,yes,KGCK,GCK
medium_airport,Grand Canyon National Park Airport,NA,US,Grand Canyon - Tusayan,yes,KGCN,GCN
medium_airport,Dawson Community Airport,NA,US,Glendive,yes,KGDV,GDV
medium_airport,Spokane International Airport,NA,US,Spokane,yes,KGEG,GEG
medium_airport,Pechora Airport,EU,RU,Pechora,yes,UUYP,PEX
medium_airport,Grand Forks International Airport,NA,US,Grand Forks,yes,KGFK,GFK
medium_airport,East Texas Regional Airport,NA,US,Longview,yes,KGGG,GGG
medium_airport,Glasgow Valley County Airport Wokal Field,NA,US,Glasgow,yes,KGGW,GGW
medium_airport,Mid Delta Regional Airport,NA,US,Greenville,yes,KGLH,GLH
medium_airport,Gainesville Regional Airport,NA,US,Gainesville,yes,KGNV,GNV
medium_airport,Glacier Park International Airport,NA,US,Kalispell,yes,KGPI,FCA
medium_airport,Gulfport Biloxi International Airport,NA,US,Gulfport,yes,KGPT,GPT
medium_airport,Austin Straubel International Airport,NA,US,Green Bay,yes,KGRB,GRB
medium_airport,Central Nebraska Regional Airport,NA,US,Grand Island,yes,KGRI,GRI
medium_airport,Killeen Regional Airport / Robert Gray Army Airfield,NA,US,Fort Cavazos,yes,KGRK,GRK
medium_airport,Gerald R. Ford International Airport,NA,US,Grand Rapids,yes,KGRR,GRR
medium_airport,Great Falls International Airport,NA,US,Great Falls,yes,KGTF,GTF
medium_airport,Gunnison Crested Butte Regional Airport,NA,US,Gunnison,yes,KGUC,GUC
medium_airport,Jack Northrop Field Hawthorne Municipal Airport,NA,US,Hawthorne,yes,KHHR,HHR
medium_airport,Range Regional Airport,NA,US,Hibbing,yes,KHIB,HIB
medium_airport,Memorial Field Airport,NA,US,Hot Springs,yes,KHOT,HOT
medium_airport,William P Hobby Airport,NA,US,Houston,yes,KHOU,HOU
medium_airport,Westchester County Airport,NA,US,White Plains,yes,KHPN,HPN
medium_airport,Valley International Airport,NA,US,Harlingen,yes,KHRL,HRL
medium_airport,Boone County Airport,NA,US,Harrison,yes,KHRO,HRO
medium_airport,Huntsville International Carl T Jones Field,NA,US,Huntsville,yes,KHSV,HSV
medium_airport,Tri-State Airport / Milton J. Ferguson Field,NA,US,Huntington,yes,KHTS,HTS
medium_airport,Tweed New Haven Airport,NA,US,New Haven,yes,KHVN,HVN
medium_airport,Havre City County Airport,NA,US,Havre,yes,KHVR,HVR
medium_airport,Hilton Head Airport,NA,US,Hilton Head Island,yes,KHXD,HHH
medium_airport,Cape Cod Gateway Airport,NA,US,Hyannis,yes,KHYA,HYA
medium_airport,Hays Regional Airport,NA,US,Hays,yes,KHYS,HYS
large_airport,Washington Dulles International Airport,NA,US,Dulles,yes,KIAD,IAD
medium_airport,Niagara Falls International Airport,NA,US,Niagara Falls,yes,KIAG,IAG
large_airport,George Bush Intercontinental Houston Airport,NA,US,Houston,yes,KIAH,IAH
large_airport,Hazrat Shahjalal International Airport,AS,BD,Dhaka,yes,VGHS,DAC
medium_airport,Wichita Eisenhower National Airport,NA,US,Wichita,yes,KICT,ICT
medium_airport,Idaho Falls Regional Airport,NA,US,Idaho Falls,yes,KIDA,IDA
medium_airport,Wilmington Airport,NA,US,Wilmington,yes,KILG,ILG
medium_airport,Wilmington International Airport,NA,US,Wilmington,yes,KILM,ILM
large_airport,Indianapolis International Airport,NA,US,Indianapolis,yes,KIND,IND
medium_airport,Falls International Airport,NA,US,International Falls,yes,KINL,INL
medium_airport,Imperial County Airport,NA,US,Imperial,yes,KIPL,IPL
medium_airport,Williamsport Regional Airport,NA,US,Williamsport,yes,KIPT,IPT
medium_airport,Kirksville Regional Airport,NA,US,Kirksville,yes,KIRK,IRK
medium_airport,Long Island Mac Arthur Airport,NA,US,Islip,yes,KISP,ISP
medium_airport,Ithaca Tompkins Regional Airport,NA,US,Ithaca,yes,KITH,ITH
medium_airport,Mesa Gateway Airport,NA,US,Mesa,yes,KIWA,AZA
medium_airport,Jackson Hole Airport,NA,US,Jackson,yes,KJAC,JAC
medium_airport,Jackson-Medgar Wiley Evers International Airport,NA,US,Jackson,yes,KJAN,JAN
large_airport,Jacksonville International Airport,NA,US,Jacksonville,yes,KJAX,JAX
medium_airport,Jonesboro Municipal Airport,NA,US,Jonesboro,yes,KJBR,JBR
large_airport,John F Kennedy International Airport,NA,US,New York,yes,KJFK,JFK
medium_airport,Joplin Regional Airport,NA,US,Joplin,yes,KJLN,JLN
medium_airport,Jamestown Regional Airport,NA,US,Jamestown,yes,KJMS,JMS
medium_airport,Concord-Padgett Regional Airport,NA,US,Concord,yes,KJQF,USA
medium_airport,John Murtha Johnstown Cambria County Airport,NA,US,Johnstown,yes,KJST,JST
medium_airport,Purdue University Airport,NA,US,West Lafayette,yes,KLAF,LAF
medium_airport,Lakeland Linder International Airport,NA,US,Lakeland,yes,KLAL,LAL
medium_airport,Capital City Airport,NA,US,Lansing,yes,KLAN,LAN
medium_airport,Laramie Regional Airport,NA,US,Laramie,yes,KLAR,LAR
large_airport,Harry Reid International Airport,NA,US,Las Vegas,yes,KLAS,LAS
medium_airport,Lawton Fort Sill Regional Airport,NA,US,Lawton,yes,KLAW,LAW
large_airport,Los Angeles International Airport,NA,US,Los Angeles,yes,KLAX,LAX
medium_airport,Lubbock Preston Smith International Airport,NA,US,Lubbock,yes,KLBB,LBB
medium_airport,Arnold Palmer Regional Airport,NA,US,Latrobe,yes,KLBE,LBE
medium_airport,North Platte Regional Airport Lee Bird Field,NA,US,North Platte,yes,KLBF,LBF
medium_airport,Liberal Mid-America Regional Airport,NA,US,Liberal,yes,KLBL,LBL
medium_airport,Lake Charles Regional Airport,NA,US,Lake Charles,yes,KLCH,LCH
medium_airport,Rickenbacker International Airport,NA,US,Columbus,yes,KLCK,LCK
medium_airport,Lebanon Municipal Airport,NA,US,Lebanon,yes,KLEB,LEB
medium_airport,Blue Grass Airport,NA,US,Lexington,yes,KLEX,LEX
medium_airport,Lafayette Regional Airport,NA,US,Lafayette,yes,KLFT,LFT
large_airport,LaGuardia Airport,NA,US,New York,yes,KLGA,LGA
medium_airport,Long Beach Airport (Daugherty Field),NA,US,Long Beach,yes,KLGB,LGB
medium_airport,Bill & Hillary Clinton National Airport/Adams Field,NA,US,Little Rock,yes,KLIT,LIT
medium_airport,Lincoln Airport,NA,US,Lincoln,yes,KLNK,LNK
medium_airport,Lancaster Airport,NA,US,Lancaster,yes,KLNS,LNS
medium_airport,Laredo International Airport,NA,US,Laredo,yes,KLRD,LRD
medium_airport,Las Cruces International Airport,NA,US,Las Cruces,yes,KLRU,LRU
medium_airport,La Crosse Regional Airport,NA,US,La Crosse,yes,KLSE,LSE
medium_airport,Cincinnati Municipal Airport Lunken Field,NA,US,Cincinnati,yes,KLUK,LUK
medium_airport,Greenbrier Valley Airport,NA,US,Lewisburg,yes,KLWB,LWB
medium_airport,Lewiston Nez Perce County Airport,NA,US,Lewiston,yes,KLWS,LWS
medium_airport,Lynchburg Regional Airport - Preston Glenn Field,NA,US,Lynchburg,yes,KLYH,LYH
medium_airport,Midland International Air and Space Port,NA,US,Midland,yes,KMAF,MAF
medium_airport,MBS International Airport,NA,US,Freeland,yes,KMBS,MBS
medium_airport,Merced Regional Macready Field,NA,US,Merced,yes,KMCE,MCE
large_airport,Kansas City International Airport,NA,US,Kansas City,yes,KMCI,MCI
medium_airport,McCook Ben Nelson Regional Airport,NA,US,McCook,yes,KMCK,MCK
medium_airport,Middle Georgia Regional Airport,NA,US,Macon,yes,KMCN,MCN
large_airport,Orlando International Airport,NA,US,Orlando,yes,KMCO,MCO
medium_airport,Mason City Municipal Airport,NA,US,Mason City,yes,KMCW,MCW
medium_airport,Samui Airport,AS,TH,Na Thon (Ko Samui Island),yes,VTSM,USM
medium_airport,Harrisburg International Airport,NA,US,Harrisburg,yes,KMDT,MDT
large_airport,Chicago Midway International Airport,NA,US,Chicago,yes,KMDW,MDW
medium_airport,Key Field / Meridian Regional Airport,NA,US,Meridian,yes,KMEI,MEI
large_airport,Memphis International Airport,NA,US,Memphis,yes,KMEM,MEM
medium_airport,McAllen Miller International Airport,NA,US,McAllen,yes,KMFE,MFE
medium_airport,Rogue Valley International Medford Airport,NA,US,Medford,yes,KMFR,MFR
medium_airport,Montgomery Regional (Dannelly Field) Airport,NA,US,Montgomery,yes,KMGM,MGM
medium_airport,Morgantown Municipal Airport Walter L. (Bill) Hart Field,NA,US,Morgantown,yes,KMGW,MGW
medium_airport,Manhattan Regional Airport,NA,US,Manhattan,yes,KMHK,MHK
medium_airport,Manchester-Boston Regional Airport,NA,US,Manchester,yes,KMHT,MHT
large_airport,Miami International Airport,NA,US,Miami,yes,KMIA,MIA
large_airport,General Mitchell International Airport,NA,US,Milwaukee,yes,KMKE,MKE
medium_airport,Muskegon County Airport,NA,US,Muskegon,yes,KMKG,MKG
medium_airport,McKellar-Sipes Regional Airport,NA,US,Jackson,yes,KMKL,MKL
medium_airport,Melbourne Orlando International Airport,NA,US,Melbourne,yes,KMLB,MLB
medium_airport,Quad City International Airport,NA,US,Moline,yes,KMLI,MLI
medium_airport,Monroe Regional Airport,NA,US,Monroe,yes,KMLU,MLU
medium_airport,Mobile Regional Airport,NA,US,Mobile,yes,KMOB,MOB
medium_airport,Minot International Airport,NA,US,Minot,yes,KMOT,MOT
medium_airport,Monterey Peninsula Airport,NA,US,Monterey,yes,KMRY,MRY
medium_airport,Northwest Alabama Regional Airport,NA,US,Muscle Shoals,yes,KMSL,MSL
medium_airport,Dane County Regional Truax Field,NA,US,Madison,yes,KMSN,MSN
medium_airport,Missoula International Airport,NA,US,Missoula,yes,KMSO,MSO
large_airport,Minneapolis–Saint Paul International Airport / Wold–Chamberlain Field,NA,US,Minneapolis,yes,KMSP,MSP
medium_airport,Massena International Airport Richards Field,NA,US,Massena,yes,KMSS,MSS
large_airport,Louis Armstrong New Orleans International Airport,NA,US,New Orleans,yes,KMSY,MSY
medium_airport,Montrose Regional Airport,NA,US,Montrose,yes,KMTJ,MTJ
medium_airport,Veterans Airport of Southern Illinois,NA,US,Marion,yes,KMWA,MWA
medium_airport,McCall Municipal Airport,NA,US,McCall,yes,KMYL,MYL
medium_airport,Myrtle Beach International Airport,NA,US,Myrtle Beach,yes,KMYR,MYR
medium_airport,Yuma International Airport / Marine Corps Air Station Yuma,NA,US,Yuma,yes,KNYL,YUM
medium_airport,Albert J Ellis Airport,NA,US,Richlands,yes,KOAJ,OAJ
large_airport,San Francisco Bay Oakland International Airport,NA,US,Oakland,yes,KOAK,OAK
medium_airport,Ogden Hinckley Airport,NA,US,Ogden,yes,KOGD,OGD
medium_airport,Ogdensburg International Airport,NA,US,Ogdensburg,yes,KOGS,OGS
large_airport,Will Rogers World Airport,NA,US,Oklahoma City,yes,KOKC,OKC
medium_airport,L M Clayton Airport,NA,US,Wolf Point,yes,KOLF,OLF
medium_airport,Olympia Regional Airport,NA,US,Olympia,yes,KOLM,OLM
large_airport,Eppley Airfield,NA,US,Omaha,yes,KOMA,OMA
large_airport,Ontario International Airport,NA,US,Ontario,yes,KONT,ONT
medium_airport,Miami-Opa Locka Executive Airport,NA,US,Miami,yes,KOPF,OPF
large_airport,Chicago O'Hare International Airport,NA,US,Chicago,yes,KORD,ORD
large_airport,Norfolk International Airport,NA,US,Norfolk,yes,KORF,ORF
medium_airport,Worcester Regional Airport,NA,US,Worcester,yes,KORH,ORH
medium_airport,Orcas Island Airport,NA,US,Eastsound,yes,KORS,ESD
medium_airport,Southwest Oregon Regional Airport,NA,US,North Bend,yes,KOTH,OTH
medium_airport,Owensboro Daviess County Airport,NA,US,Owensboro,yes,KOWB,OWB
medium_airport,Seattle Paine Field International Airport,NA,US,Everett,yes,KPAE,PAE
medium_airport,Barkley Regional Airport,NA,US,Paducah,yes,KPAH,PAH
medium_airport,Plattsburgh International Airport,NA,US,Plattsburgh,yes,KPBG,PBG
large_airport,Palm Beach International Airport,NA,US,West Palm Beach,yes,KPBI,PBI
medium_airport,DeKalb Peachtree Airport,NA,US,Atlanta,yes,KPDK,PDK
medium_airport,Eastern Oregon Regional Airport at Pendleton,NA,US,Pendleton,yes,KPDT,PDT
large_airport,Portland International Airport,NA,US,Portland,yes,KPDX,PDX
medium_airport,Punta Gorda Airport,NA,US,Punta Gorda,yes,KPGD,PGD
medium_airport,Pitt-Greenville Airport,NA,US,Greenville,yes,KPGV,PGV
medium_airport,Newport News Williamsburg International Airport,NA,US,Newport News,yes,KPHF,PHF
large_airport,Philadelphia International Airport,NA,US,Philadelphia,yes,KPHL,PHL
large_airport,Phoenix Sky Harbor International Airport,NA,US,Phoenix,yes,KPHX,PHX
medium_airport,General Wayne A. Downing Peoria International Airport,NA,US,Peoria,yes,KPIA,PIA
medium_airport,Hattiesburg Laurel Regional Airport,NA,US,Moselle,yes,KPIB,PIB
medium_airport,St. Petersburg Clearwater International Airport,NA,US,Pinellas Park,yes,KPIE,PIE
medium_airport,Pocatello Regional Airport,NA,US,Pocatello,yes,KPIH,PIH
medium_airport,Pierre Regional Airport,NA,US,Pierre,yes,KPIR,PIR
large_airport,Pittsburgh International Airport,NA,US,Pittsburgh,yes,KPIT,PIT
medium_airport,Mid Ohio Valley Regional Airport,NA,US,Parkersburg (Williamstown),yes,KPKB,PKB
medium_airport,Pellston Regional Airport of Emmet County Airport,NA,US,Pellston,yes,KPLN,PLN
medium_airport,Pensacola International Airport,NA,US,Pensacola,yes,KPNS,PNS
medium_airport,Presque Isle International Airport,NA,US,Presque Isle,yes,KPQI,PQI
large_airport,Kualanamu International Airport,AS,ID,Beringin,yes,WIMM,KNO
medium_airport,Prescott International Airport - Ernest A. Love Field,NA,US,Prescott,yes,KPRC,PRC
medium_airport,Tri Cities Airport,NA,US,Pasco,yes,KPSC,PSC
medium_airport,Portsmouth International at Pease Airport,NA,US,Portsmouth,yes,KPSM,PSM
medium_airport,Palm Springs International Airport,NA,US,Palm Springs,yes,KPSP,PSP
medium_airport,Pueblo Memorial Airport,NA,US,Pueblo,yes,KPUB,PUB
medium_airport,Pullman-Moscow Regional Airport,NA,US,Pullman,yes,KPUW,PUW
large_airport,Theodore Francis Green State Airport,NA,US,Warwick,yes,KPVD,PVD
medium_airport,Provo-Utah Lake International Airport,NA,US,Provo,yes,KPVU,PVU
large_airport,Portland International Jetport,NA,US,Portland,yes,KPWM,PWM
large_airport,Málaga-Costa del Sol Airport,EU,ES,Málaga,yes,LEMG,AGP
medium_airport,Rapid City Regional Airport,NA,US,Rapid City,yes,KRAP,RAP
medium_airport,Redding Municipal Airport,NA,US,Redding,yes,KRDD,RDD
medium_airport,Roberts Field,NA,US,Redmond,yes,KRDM,RDM
large_airport,Raleigh Durham International Airport,NA,US,Raleigh/Durham,yes,KRDU,RDU
medium_airport,Chicago Rockford International Airport,NA,US,Chicago/Rockford,yes,KRFD,RFD
medium_airport,Rhinelander Oneida County Airport,NA,US,Rhinelander,yes,KRHI,RHI
large_airport,Richmond International Airport,NA,US,Richmond,yes,KRIC,RIC
medium_airport,Central Wyoming Regional Airport,NA,US,Riverton,yes,KRIW,RIW
medium_airport,Knox County Regional Airport,NA,US,Rockland,yes,KRKD,RKD
medium_airport,Southwest Wyoming Regional Airport,NA,US,Rock Springs,yes,KRKS,RKS
large_airport,Reno Tahoe International Airport,NA,US,Reno,yes,KRNO,RNO
medium_airport,Roanoke–Blacksburg Regional Airport,NA,US,Roanoke,yes,KROA,ROA
medium_airport,Frederick Douglass Greater Rochester International Airport,NA,US,Rochester,yes,KROC,ROC
medium_airport,Roswell Air Center Airport,NA,US,Roswell,yes,KROW,ROW
medium_airport,Rochester International Airport,NA,US,Rochester,yes,KRST,RST
large_airport,Southwest Florida International Airport,NA,US,Fort Myers,yes,KRSW,RSW
medium_airport,Rutland - Southern Vermont Regional Airport,NA,US,Rutland,yes,KRUT,RUT
medium_airport,Santa Fe Municipal Airport,NA,US,Santa Fe,yes,KSAF,SAF
large_airport,San Diego International Airport,NA,US,San Diego,yes,KSAN,SAN
large_airport,San Antonio International Airport,NA,US,San Antonio,yes,KSAT,SAT
large_airport,Savannah Hilton Head International Airport,NA,US,Savannah,yes,KSAV,SAV
medium_airport,Marquette/Sawyer International Airport,NA,US,Gwinn,yes,KSAW,MQT
medium_airport,Santa Barbara Municipal Airport,NA,US,Santa Barbara,yes,KSBA,SBA
medium_airport,San Bernardino International Airport,NA,US,San Bernardino,yes,KSBD,SBD
medium_airport,South Bend Regional Airport,NA,US,South Bend,yes,KSBN,SBN
medium_airport,San Luis County Regional Airport,NA,US,San Luis Obispo,yes,KSBP,SBP
medium_airport,Salisbury Ocean City Wicomico Regional Airport,NA,US,Salisbury,yes,KSBY,SBY
medium_airport,Stockton Metropolitan Airport,NA,US,Stockton,yes,KSCK,SCK
large_airport,Louisville Muhammad Ali International Airport,NA,US,Louisville,yes,KSDF,SDF
medium_airport,Sidney - Richland Regional Airport,NA,US,Sidney,yes,KSDY,SDY
large_airport,Seattle–Tacoma International Airport,NA,US,Seattle,yes,KSEA,SEA
large_airport,Orlando Sanford International Airport,NA,US,Orlando,yes,KSFB,SFB
large_airport,San Francisco International Airport,NA,US,San Francisco,yes,KSFO,SFO
medium_airport,Springfield Branson National Airport,NA,US,Springfield,yes,KSGF,SGF
medium_airport,Northeast Florida Regional Airport,NA,US,St Augustine,yes,KSGJ,UST
medium_airport,St George Regional Airport,NA,US,St George,yes,KSGU,SGU
medium_airport,Shenandoah Valley Regional Airport,NA,US,Weyers Cave,yes,KSHD,SHD
medium_airport,Sheridan County Airport,NA,US,Sheridan,yes,KSHR,SHR
medium_airport,Shreveport Regional Airport,NA,US,Shreveport,yes,KSHV,SHV
large_airport,Norman Y. Mineta San Jose International Airport,NA,US,San Jose,yes,KSJC,SJC
medium_airport,San Angelo Regional Mathis Field,NA,US,San Angelo,yes,KSJT,SJT
medium_airport,Taos Regional Airport,NA,US,Taos,yes,KSKX,TSM
large_airport,Salt Lake City International Airport,NA,US,Salt Lake City,yes,KSLC,SLC
medium_airport,Salem-Willamette Valley Airport/McNary Field,NA,US,Salem,yes,KSLE,SLE
medium_airport,Adirondack Regional Airport,NA,US,Saranac Lake,yes,KSLK,SLK
medium_airport,Salina Municipal Airport,NA,US,Salina,yes,KSLN,SLN
large_airport,Sacramento International Airport,NA,US,Sacramento,yes,KSMF,SMF
medium_airport,Lemhi County Airport,NA,US,Salmon,yes,KSMN,SMN
medium_airport,Santa Maria Public Airport Captain G Allan Hancock Field,NA,US,Santa Maria,yes,KSMX,SMX
large_airport,John Wayne Orange County International Airport,NA,US,Santa Ana,yes,KSNA,SNA
medium_airport,Show Low Regional Airport,NA,US,Show Low,yes,KSOW,SOW
medium_airport,Abraham Lincoln Capital Airport,NA,US,Springfield,yes,KSPI,SPI
medium_airport,Wichita Falls Municipal Airport / Sheppard Air Force Base,NA,US,Wichita Falls,yes,KSPS,SPS
medium_airport,San Carlos Airport,NA,US,San Carlos,yes,KSQL,SQL
large_airport,Sarasota Bradenton International Airport,NA,US,Sarasota/Bradenton,yes,KSRQ,SRQ
medium_airport,Saint Cloud Regional Airport,NA,US,Saint Cloud,yes,KSTC,STC
large_airport,St. Louis Lambert International Airport,NA,US,St Louis,yes,KSTL,STL
medium_airport,Charles M. Schulz Sonoma County Airport,NA,US,Santa Rosa,yes,KSTS,STS
medium_airport,Friedman Memorial Airport,NA,US,Hailey,yes,KSUN,SUN
medium_airport,Sioux Gateway Airport / Brigadier General Bud Day Field,NA,US,Sioux City,yes,KSUX,SUX
medium_airport,Grant County Airport,NA,US,Silver City,yes,KSVC,SVC
medium_airport,New York Stewart International Airport,NA,US,Newburgh,yes,KSWF,SWF
medium_airport,Stillwater Regional Airport,NA,US,Stillwater,yes,KSWO,SWO
large_airport,Syracuse Hancock International Airport,NA,US,Syracuse,yes,KSYR,SYR
large_airport,Rajkot International Airport,AS,IN,Rajkot,yes,VAHS,HSR
small_airport,Dalgaranga Gold Mine Airport,OC,AU,,no,YDGA,DGD
medium_airport,Waynesville-St. Robert Regional Airport-Forney Field,NA,US,Fort Leonard Wood,yes,KTBN,TBN
medium_airport,Teterboro Airport,NA,US,Teterboro,yes,KTEB,TEB
medium_airport,Telluride Regional Airport,NA,US,Telluride,yes,KTEX,TEX
medium_airport,Tallahassee Regional Airport,NA,US,Tallahassee,yes,KTLH,TLH
medium_airport,Eugene F. Kranz Toledo Express Airport,NA,US,Toledo,yes,KTOL,TOL
large_airport,Tampa International Airport,NA,US,Tampa,yes,KTPA,TPA
medium_airport,Tri-Cities Regional TN/VA Airport,NA,US,Blountville,yes,KTRI,TRI
medium_airport,Truckee Tahoe Airport,NA,US,Truckee,yes,KTRK,TKF
medium_airport,Trenton Mercer Airport,NA,US,Ewing Township,yes,KTTN,TTN
large_airport,Tulsa International Airport,NA,US,Tulsa,yes,KTUL,TUL
medium_airport,Tupelo Regional Airport,NA,US,Tupelo,yes,KTUP,TUP
medium_airport,Tucson International Airport / Morris Air National Guard Base,NA,US,Tucson,yes,KTUS,TUS
medium_airport,Cherry Capital Airport,NA,US,Traverse City,yes,KTVC,TVC
medium_airport,Thief River Falls Regional Airport,NA,US,Thief River Falls,yes,KTVF,TVF
medium_airport,Joslin Field Magic Valley Regional Airport,NA,US,Twin Falls,yes,KTWF,TWF
medium_airport,Texarkana Regional Airport (Webb Field),NA,US,Texarkana,yes,KTXK,TXK
medium_airport,Tyler Pounds Regional Airport,NA,US,Tyler,yes,KTYR,TYR
medium_airport,McGhee Tyson Airport,NA,US,Alcoa,yes,KTYS,TYS
medium_airport,Quincy Regional Airport Baldwin Field,NA,US,Quincy,yes,KUIN,UIN
medium_airport,State College Regional Airport,NA,US,State College,yes,KUNV,SCE
medium_airport,Victoria Regional Airport,NA,US,Victoria,yes,KVCT,VCT
medium_airport,Vernal Regional Airport,NA,US,Vernal,yes,KVEL,VEL
medium_airport,Valdosta Regional Airport,NA,US,Valdosta,yes,KVLD,VLD
medium_airport,Destin-Fort Walton Beach Airport,NA,US,Valparaiso,yes,KVPS,VPS
medium_airport,Vero Beach Regional Airport,NA,US,Vero Beach,yes,KVRB,VRB
medium_airport,Kerang Airport,OC,AU,,no,YKER,KRA
medium_airport,Westerly State Airport,NA,US,Westerly,yes,KWST,WST
medium_airport,Yellowstone Airport,NA,US,West Yellowstone,yes,KWYS,WYS
medium_airport,Kowanyama Airport,OC,AU,Kowanyama,yes,YKOW,KWM
medium_airport,Northwest Arkansas National Airport,NA,US,Fayetteville/Springdale/Rogers,yes,KXNA,XNA
medium_airport,Yakima Air Terminal McAllister Field,NA,US,Yakima,yes,KYKM,YKM
medium_airport,Bokeo International Airport,AS,LA,Ton Phueng,yes,,BOR
large_airport,Tirana International Airport Mother Teresa,EU,AL,Rinas,yes,LATI,TIA
large_airport,Burgas Airport,EU,BG,Burgas,yes,LBBG,BOJ
medium_airport,Plovdiv International Airport,EU,BG,Plovdiv,yes,LBPD,PDV
large_airport,Sofia Airport,EU,BG,Sofia,yes,LBSF,SOF
large_airport,Varna Airport,EU,BG,Varna,yes,LBWN,VAR
medium_airport,Nicosia (Lefkoşa) Ercan International Airport,AS,CY,Tymbou (Kirklar),yes,LCEN,ECN
medium_airport,Lefkoniko Airport / Geçitkale Air Base,AS,CY,Lefkoniko (Geçitkale),yes,LCGK,GEC
large_airport,Larnaca International Airport,AS,CY,Larnaca,yes,LCLK,LCA
medium_airport,Paphos International Airport,AS,CY,Paphos,yes,LCPH,PFO
medium_airport,Dubrovnik Ruđer Bošković Airport,EU,HR,Čilipi,yes,LDDU,DBV
medium_airport,Osijek Airport,EU,HR,Klisa,yes,LDOS,OSI
medium_airport,Pula Airport,EU,HR,Pula,yes,LDPL,PUY
medium_airport,Rijeka Airport,EU,HR,Omišalj,yes,LDRI,RJK
medium_airport,Brač Airport,EU,HR,Gornji Humac,yes,LDSB,BWK
medium_airport,Split Airport,EU,HR,Kaštel Štafilić,yes,LDSP,SPU
medium_airport,Zadar Airport,EU,HR,Zemunik Donji (Zadar),yes,LDZD,ZAD
large_airport,Alicante-Elche Miguel Hernández Airport,EU,ES,Alicante,yes,LEAL,ALC
medium_airport,Almería Airport,EU,ES,Almería,yes,LEAM,LEI
medium_airport,Asturias Airport,EU,ES,Ranón,yes,LEAS,OVD
medium_airport,Bilbao Airport,EU,ES,Bilbao,yes,LEBB,BIO
large_airport,Josep Tarradellas Barcelona-El Prat Airport,EU,ES,Barcelona,yes,LEBL,BCN
medium_airport,Badajoz Airport,EU,ES,Badajoz,yes,LEBZ,BJZ
medium_airport,Castellón-Costa Azahar Airport,EU,ES,Castellón de la Plana,yes,LECH,CDT
medium_airport,A Coruña Airport,EU,ES,Culleredo,yes,LECO,LCG
medium_airport,Lleida-Alguaire Airport,EU,ES,Lleida,yes,LEDA,ILD
medium_airport,Girona-Costa Brava Airport,EU,ES,Girona,yes,LEGE,GRO
medium_airport,F.G.L. Airport Granada-Jaén Airport,EU,ES,Granada,yes,LEGR,GRX
large_airport,Ibiza Airport,EU,ES,Ibiza (Eivissa),yes,LEIB,IBZ
medium_airport,Jerez Airport,EU,ES,Jerez de la Frontera,yes,LEJR,XRY
medium_airport,León Int'l Airport,EU,ES,La Virgen Del Camino,yes,LELN,LEN
large_airport,Adolfo Suárez Madrid–Barajas Airport,EU,ES,Madrid,yes,LEMD,MAD
medium_airport,Menorca Airport,EU,ES,Mahón (Maó),yes,LEMH,MAH
medium_airport,Región de Murcia International Airport,EU,ES,Corvera,yes,LEMI,RMU
large_airport,Palma de Mallorca Airport,EU,ES,Palma de Mallorca,yes,LEPA,PMI
medium_airport,Pamplona Airport,EU,ES,Pamplona,yes,LEPP,PNA
medium_airport,Reus Airport,EU,ES,Reus,yes,LERS,REU
medium_airport,Salamanca Airport,EU,ES,Salamanca,yes,LESA,SLM
medium_airport,San Sebastián Airport,EU,ES,Hondarribia,yes,LESO,EAS
large_airport,Santiago-Rosalía de Castro Airport,EU,ES,Santiago de Compostela,yes,LEST,SCQ
large_airport,Valencia Airport,EU,ES,Valencia,yes,LEVC,VLC
medium_airport,Valladolid Airport,EU,ES,Valladolid,yes,LEVD,VLL
medium_airport,Vitoria Airport,EU,ES,Alava,yes,LEVT,VIT
medium_airport,Vigo Airport,EU,ES,Vigo,yes,LEVX,VGO
medium_airport,Seve Ballesteros-Santander Airport,EU,ES,Santander,yes,LEXJ,SDR
medium_airport,Zaragoza Airport,EU,ES,Zaragoza,yes,LEZG,ZAZ
medium_airport,Sevilla Airport,EU,ES,Sevilla,yes,LEZL,SVQ
large_airport,Bordeaux–Mérignac Airport,EU,FR,Bordeaux,yes,LFBD,BOD
medium_airport,Bergerac Dordogne-Périgord airport,EU,FR,Bergerac,yes,LFBE,EGC
medium_airport,La Rochelle Île de Ré Airport,EU,FR,La Rochelle,yes,LFBH,LRH
medium_airport,Poitiers-Biard Airport,EU,FR,Poitiers/Biard,yes,LFBI,PIS
medium_airport,Limoges Airport,EU,FR,Limoges/Bellegarde,yes,LFBL,LIG
large_airport,Toulouse-Blagnac Airport,EU,FR,Toulouse/Blagnac,yes,LFBO,TLS
medium_airport,Pau Pyrénées Airport,EU,FR,Pau/Pyrénées (Uzein),yes,LFBP,PUF
medium_airport,Tarbes-Lourdes-Pyrénées Airport,EU,FR,Tarbes/Lourdes/Pyrénées,yes,LFBT,LDE
medium_airport,Biarritz Pays Basque airport,EU,FR,Biarritz,yes,LFBZ,BIQ
medium_airport,Castres Mazamet Airport,EU,FR,Castres,yes,LFCK,DCM
medium_airport,Rodez–Aveyron Airport,EU,FR,Rodez/Marcillac,yes,LFCR,RDZ
medium_airport,Dole Tavaux Airport,EU,FR,Dole,yes,LFGJ,DLE
medium_airport,Metz-Nancy-Lorraine Airport,EU,FR,Goin,yes,LFJL,ETZ
medium_airport,Bastia Poretta airport,EU,FR,Bastia,yes,LFKB,BIA
medium_airport,Calvi Sainte Catherine Airport,EU,FR,Calvi,yes,LFKC,CLY
medium_airport,Figari Sud-Corse Airport,EU,FR,Figari,yes,LFKF,FSC
medium_airport,Ajaccio Napoléon Bonaparte airport,EU,FR,Ajaccio,yes,LFKJ,AJA
medium_airport,Chambéry Aix les Bains airport,EU,FR,Chambéry,yes,LFLB,CMF
medium_airport,Clermont-Ferrand Auvergne airport,EU,FR,Clermont-Ferrand,yes,LFLC,CFE
large_airport,Lyon Saint-Exupéry Airport,EU,FR,"Colombier-Saugnieu, Rhône",yes,LFLL,LYS
medium_airport,Annecy Meythet airport,EU,FR,Annecy,yes,LFLP,NCY
medium_airport,Grenoble Alpes Isère Airport,EU,FR,Grenoble,yes,LFLS,GNB
medium_airport,Aurillac airport,EU,FR,Aurillac,yes,LFLW,AUR
large_airport,Nice-Côte d'Azur Airport,EU,FR,"Nice, Alpes-Maritimes",yes,LFMN,NCE
large_airport,Charles de Gaulle International Airport,EU,FR,"Paris (Roissy-en-France, Val-d'Oise)",yes,LFPG,CDG
large_airport,Paris-Orly Airport,EU,FR,"Paris (Orly, Val-de-Marne)",yes,LFPO,ORY
medium_airport,Lille Airport,EU,FR,Lesquin,yes,LFQQ,LIL
medium_airport,Brest Bretagne airport,EU,FR,Brest,yes,LFRB,BES
medium_airport,Dinard Pleurtuit Saint-Malo airport,EU,FR,Dinard,yes,LFRD,DNR
medium_airport,Deauville Normandie airport,EU,FR,Deauville,yes,LFRG,DOL
medium_airport,Lorient South Brittany (Bretagne Sud) Airport,EU,FR,Lorient/Lann/Bihoué,yes,LFRH,LRT
medium_airport,Caen Carpiquet airport,EU,FR,Caen,yes,LFRK,CFR
medium_airport,Le Mans-Arnage Airport,EU,FR,"Le Mans, Sarthe",yes,LFRM,LME
medium_airport,Rennes-Saint-Jacques Airport,EU,FR,"Saint-Jacques-de-la-Lande, Ille-et-Vilaine",yes,LFRN,RNS
medium_airport,Nantes Atlantique Airport,EU,FR,Nantes,yes,LFRS,NTE
medium_airport,Saint-Nazaire-Montoir Airport,EU,FR,Saint-Nazaire/Montoir,yes,LFRZ,SNR
large_airport,EuroAirport Basel–Mulhouse–Freiburg,EU,FR,Bâle / Mulhouse,yes,LFSB,BSL
medium_airport,Dijon Longvic airport,EU,FR,Dijon,yes,LFSD,DIJ
medium_airport,Brive Souillac airport,EU,FR,Brive,yes,LFSL,BVE
medium_airport,Strasbourg Airport,EU,FR,Strasbourg,yes,LFST,SXB
medium_airport,Toulon-Hyères Airport,EU,FR,"Hyères, Var",yes,LFTH,TLN
medium_airport,Nîmes-Arles-Camargue Airport,EU,FR,Nîmes/Garons,yes,LFTW,FNI
medium_airport,St Pierre Airport,NA,PM,Saint-Pierre,yes,LFVP,FSP
medium_airport,Alexandroupoli Democritus Airport,EU,GR,Alexandroupolis,yes,LGAL,AXD
large_airport,Athens Eleftherios Venizelos International Airport,EU,GR,Spata-Artemida,yes,LGAV,ATH
medium_airport,Nea Anchialos National Airport,EU,GR,Nea Anchialos,yes,LGBL,VOL
medium_airport,Chios Island National Airport,EU,GR,Chios Island,yes,LGHI,JKH
medium_airport,Ioannina King Pyrrhus National Airport,EU,GR,Ioannina,yes,LGIO,IOA
large_airport,Heraklion International Nikos Kazantzakis Airport,EU,GR,Heraklion,yes,LGIR,HER
medium_airport,Kefallinia Airport,EU,GR,Kefallinia Island,yes,LGKF,EFL
medium_airport,Kalamata Airport,EU,GR,Kalamata,yes,LGKL,KLX
medium_airport,Kos Airport,AS,GR,Kos Island,yes,LGKO,KGS
medium_airport,Karpathos Airport,EU,GR,Karpathos Island,yes,LGKP,AOK
medium_airport,Corfu Ioannis Kapodistrias International Airport,EU,GR,Kerkyra (Corfu),yes,LGKR,CFU
medium_airport,Kavala Alexander the Great International Airport,EU,GR,Kavala,yes,LGKV,KVA
medium_airport,Mykonos Island National Airport,EU,GR,Mykonos,yes,LGMK,JMK
medium_airport,Mytilene International Airport,EU,GR,Mytilene,yes,LGMT,MJT
medium_airport,Aktion National Airport,EU,GR,Preveza,yes,LGPZ,PVK
medium_airport,Diagoras Airport,AS,GR,Rhodes,yes,LGRP,RHO
medium_airport,Patras Araxos Agamemnon Airport,EU,GR,Patras,yes,LGRX,GPA
medium_airport,Chania International Airport,EU,GR,Souda,yes,LGSA,CHQ
medium_airport,Skiathos Island National Airport,EU,GR,Skiathos,yes,LGSK,JSI
medium_airport,Samos Airport,EU,GR,Samos Island,yes,LGSM,SMI
medium_airport,Santorini Airport,EU,GR,Santorini Island,yes,LGSR,JTR
medium_airport,Sitia Airport,EU,GR,Crete Island,yes,LGST,JSH
large_airport,Thessaloniki Macedonia International Airport,EU,GR,Thessaloniki,yes,LGTS,SKG
medium_airport,Zakynthos International Airport Dionysios Solomos,EU,GR,Zakynthos,yes,LGZA,ZTH
large_airport,Budapest Liszt Ferenc International Airport,EU,HU,Budapest,yes,LHBP,BUD
medium_airport,Debrecen International Airport,EU,HU,Debrecen,yes,LHDC,DEB
medium_airport,Pécs-Pogány Airport,EU,HU,Pécs,yes,LHPP,PEV
medium_airport,Hévíz–Balaton Airport,EU,HU,Sármellék,yes,LHSM,SOB
medium_airport,Crotone Sant'Anna Pythagoras Airport,EU,IT,Isola di Capo Rizzuto (KR),yes,LIBC,CRV
large_airport,Bari Karol Wojtyła International Airport,EU,IT,Bari,yes,LIBD,BRI
medium_airport,Abruzzo Airport,EU,IT,Pescara,yes,LIBP,PSR
large_airport,Brindisi Airport,EU,IT,Brindisi,yes,LIBR,BDS
medium_airport,Lamezia Terme Sant'Eufemia International Airport,EU,IT,Lamezia Terme (CZ),yes,LICA,SUF
large_airport,Catania-Fontanarossa Airport,EU,IT,Catania,yes,LICC,CTA
medium_airport,Lampedusa Airport,EU,IT,Lampedusa,yes,LICD,LMP
large_airport,Falcone–Borsellino Airport,EU,IT,Palermo,yes,LICJ,PMO
medium_airport,Reggio Calabria Airport,EU,IT,Reggio Calabria,yes,LICR,REG
medium_airport,Vincenzo Florio Airport Trapani-Birgi,EU,IT,Trapani (TP),yes,LICT,TPS
medium_airport,Alghero-Fertilia Airport,EU,IT,Alghero,yes,LIEA,AHO
large_airport,Cagliari Elmas Airport,EU,IT,Cagliari,yes,LIEE,CAG
medium_airport,Olbia Costa Smeralda Airport,EU,IT,Olbia (SS),yes,LIEO,OLB
large_airport,Milan Malpensa International Airport,EU,IT,Ferno (VA),yes,LIMC,MXP
large_airport,Milan Bergamo Airport / Antonio Locatelli Air Base,EU,IT,Orio al Serio (BG),yes,LIME,BGY
large_airport,Turin Airport,EU,IT,Caselle Torinese (TO),yes,LIMF,TRN
large_airport,Genoa Cristoforo Colombo Airport,EU,IT,Genova (GE),yes,LIMJ,GOA
medium_airport,Milano Linate Airport,EU,IT,Segrate (MI),yes,LIML,LIN
medium_airport,Parma Airport,EU,IT,Parma (PR),yes,LIMP,PMF
medium_airport,Cuneo International Airport,EU,IT,Levaldigi (CN),yes,LIMZ,CUF
medium_airport,Bolzano Airport,EU,IT,Bolzano (BZ),yes,LIPB,BZO
large_airport,Bologna Guglielmo Marconi Airport,EU,IT,Bologna,yes,LIPE,BLQ
medium_airport,Treviso Antonio Canova Airport,EU,IT,Treviso (TV),yes,LIPH,TSF
medium_airport,Forlì Luigi Ridolfi Airport,EU,IT,Forlì (FC),yes,LIPK,FRL
medium_airport,Brescia Gabriele d'Annunzio Airport,EU,IT,Montichiari (BS),yes,LIPO,VBS
medium_airport,Trieste–Friuli Venezia Giulia Airport,EU,IT,Ronchi dei Legionari (GO),yes,LIPQ,TRS
medium_airport,Marche Airport,EU,IT,Falconara Marittima (AN),yes,LIPY,AOI
large_airport,Venice Marco Polo Airport,EU,IT,Venezia (VE),yes,LIPZ,VCE
medium_airport,Ciampino–G. B. Pastine International Airport,EU,IT,Rome,yes,LIRA,CIA
large_airport,Rome–Fiumicino Leonardo da Vinci International Airport,EU,IT,Rome,yes,LIRF,FCO
medium_airport,Salerno Costa d'Amalfi Airport,EU,IT,Salerno,yes,LIRI,QSR
medium_airport,Marina di Campo Airport,EU,IT,Campo nell'Elba (LI),yes,LIRJ,EBA
large_airport,Naples International Airport,EU,IT,Napoli,yes,LIRN,NAP
large_airport,Pisa International Airport,EU,IT,Pisa (PI),yes,LIRP,PSA
large_airport,"Florence Airport, Peretola",EU,IT,Firenze (FI),yes,LIRQ,FLR
medium_airport,Perugia San Francesco d'Assisi – Umbria International Airport,EU,IT,Perugia (PG),yes,LIRZ,PEG
large_airport,Ljubljana Jože Pučnik Airport,EU,SI,Zgornji Brnik,yes,LJLJ,LJU
medium_airport,Karlovy Vary Airport,EU,CZ,Karlovy Vary,yes,LKKV,KLV
medium_airport,Ostrava Leos Janáček Airport,EU,CZ,Mošnov,yes,LKMT,OSR
medium_airport,Pardubice Airport,EU,CZ,Pardubice,yes,LKPD,PED
large_airport,Václav Havel Airport Prague,EU,CZ,Prague,yes,LKPR,PRG
medium_airport,Brno-Tuřany Airport,EU,CZ,Brno,yes,LKTB,BRQ
large_airport,Ben Gurion International Airport,AS,IL,Tel Aviv,yes,LLBG,TLV
large_airport,Ramon International Airport,AS,IL,Eilat,yes,LLER,ETM
medium_airport,Haifa International Airport,AS,IL,Haifa,yes,LLHA,HFA
medium_airport,Ohrid St. Paul the Apostle Airport,EU,MK,Ohrid,yes,LWOH,OHD
large_airport,Malta International Airport,EU,MT,Valletta,yes,LMML,MLA
medium_airport,Foggia Gino Lisa Airport,EU,IT,Foggia (FG),yes,LIBF,FOG
medium_airport,Graz Airport,EU,AT,Feldkirchen bei Graz,yes,LOWG,GRZ
medium_airport,Innsbruck Airport,EU,AT,Innsbruck,yes,LOWI,INN
medium_airport,Klagenfurt Airport,EU,AT,Klagenfurt am Wörthersee,yes,LOWK,KLU
medium_airport,Linz-Hörsching Airport / Vogler Air Base,EU,AT,Linz,yes,LOWL,LNZ
medium_airport,Salzburg Airport,EU,AT,Salzburg,yes,LOWS,SZG
large_airport,Vienna International Airport,EU,AT,Vienna,yes,LOWW,VIE
medium_airport,Santa Maria Airport,EU,PT,Vila do Porto,yes,LPAZ,SMA
medium_airport,Cascais Airport,EU,PT,Cascais,yes,LPCS,CAT
medium_airport,Flores Airport,EU,PT,Santa Cruz das Flores,yes,LPFL,FLW
large_airport,Faro Airport,EU,PT,Faro,yes,LPFR,FAO
medium_airport,Graciosa Airport,EU,PT,Santa Cruz da Graciosa,yes,LPGR,GRW
medium_airport,Horta Airport,EU,PT,Horta,yes,LPHR,HOR
medium_airport,Lajes Airport,EU,PT,Praia da Vitória,yes,LPLA,TER
large_airport,Madeira International Airport Cristiano Ronaldo,EU,PT,Funchal,yes,LPMA,FNC
large_airport,João Paulo II Airport,EU,PT,Ponta Delgada,yes,LPPD,PDL
medium_airport,Pico Airport,EU,PT,Pico Island,yes,LPPI,PIX
medium_airport,Portimão Airport,EU,PT,Portimão,yes,LPPM,PRM
large_airport,Francisco de Sá Carneiro Airport,EU,PT,Porto,yes,LPPR,OPO
medium_airport,Porto Santo Airport,EU,PT,Vila Baleira,yes,LPPS,PXO
large_airport,Lisbon Humberto Delgado Airport,EU,PT,Lisbon,yes,LPPT,LIS
medium_airport,São Jorge Airport,EU,PT,Velas,yes,LPSJ,SJZ
medium_airport,Vila Real Airport,EU,PT,Vila Real,yes,LPVR,VRL
medium_airport,Aerodromo Goncalves Lobato (Viseu Airport),EU,PT,Viseu,yes,LPVZ,VSE
medium_airport,Banja Luka International Airport,EU,BA,Mahovljani,yes,LQBK,BNX
medium_airport,Mostar International Airport,EU,BA,Mostar,yes,LQMO,OMO
large_airport,Sarajevo International Airport,EU,BA,Sarajevo,yes,LQSA,SJJ
medium_airport,Tuzla International Airport,EU,BA,Dubrave Gornje,yes,LQTZ,TZL
medium_airport,Arad International Airport,EU,RO,Arad,yes,LRAR,ARW
medium_airport,Bacău George Enescu International  Airport,EU,RO,Bacău,yes,LRBC,BCM
medium_airport,Maramureș International Airport,EU,RO,Tăuții-Măgherăuș,yes,LRBM,BAY
medium_airport,Bucharest Băneasa Aurel Vlaicu International Airport,EU,RO,Bucharest,yes,LRBS,BBU
medium_airport,Brașov-Ghimbav International Airport,EU,RO,Brașov (Ghimbav),yes,LRBV,GHV
medium_airport,Mihail Kogălniceanu International Airport,EU,RO,Mihail Kogălniceanu,yes,LRCK,CND
medium_airport,Cluj Avram Iancu International Airport,EU,RO,Cluj-Napoca,yes,LRCL,CLJ
medium_airport,Craiova International Airport,EU,RO,Craiova,yes,LRCV,CRA
medium_airport,Iaşi Airport,EU,RO,Iaşi,yes,LRIA,IAS
medium_airport,Oradea International Airport,EU,RO,Oradea,yes,LROD,OMR
large_airport,Bucharest Henri Coandă International Airport,EU,RO,Otopeni,yes,LROP,OTP
medium_airport,Sibiu International Airport,EU,RO,Sibiu,yes,LRSB,SBZ
medium_airport,Satu Mare International Airport,EU,RO,Satu Mare,yes,LRSM,SUJ
medium_airport,Suceava Stefan cel Mare Airport,EU,RO,Suceava,yes,LRSV,SCV
medium_airport,Târgu Mureş Transilvania International Airport,EU,RO,Recea,yes,LRTM,TGM
medium_airport,Timişoara Traian Vuia Airport,EU,RO,Timişoara,yes,LRTR,TSR
large_airport,Geneva Cointrin International Airport,EU,CH,Geneva,yes,LSGG,GVA
medium_airport,Lugano Airport,EU,CH,Agno,yes,LSZA,LUG
medium_airport,Bern Airport,EU,CH,Bern,yes,LSZB,BRN
large_airport,Zürich Airport,EU,CH,Zurich,yes,LSZH,ZRH
medium_airport,Sankt Gallen Altenrhein Airport,EU,CH,St. Gallen,yes,LSZR,ACH
large_airport,Esenboğa International Airport,AS,TR,Ankara,yes,LTAC,ESB
medium_airport,Adana Şakirpaşa Airport,AS,TR,Seyhan,yes,LTAF,ADA
medium_airport,Chimbu Airport,OC,PG,Kundiawa,yes,AYCH,CMU
medium_airport,Gaziantep International Airport,AS,TR,Gaziantep,yes,LTAJ,GZT
medium_airport,Konya Airport,AS,TR,Konya,yes,LTAN,KYA
medium_airport,Zonguldak Çaycuma Airport,AS,TR,Zonguldak,yes,LTAS,ONQ
medium_airport,Malatya Erhaç Airport,AS,TR,Malatya,yes,LTAT,MLX
medium_airport,Kayseri Erkilet Airport,AS,TR,Kayseri,yes,LTAU,ASR
medium_airport,Tokat Airport,AS,TR,Tokat,yes,LTAW,TJK
medium_airport,Çardak Airport,AS,TR,Denizli,yes,LTAY,DNZ
medium_airport,Balıkesir Airport,AS,TR,Balıkesir,yes,LTBF,BZI
medium_airport,Çanakkale Airport,AS,TR,Çanakkale,yes,LTBH,CKZ
large_airport,Adnan Menderes International Airport,AS,TR,Gaziemir,yes,LTBJ,ADB
medium_airport,Bursa Yenişehir Airport,AS,TR,Yenişehir,yes,LTBR,YEI
medium_airport,Anadolu Airport,AS,TR,Eskişehir,yes,LTBY,AOE
medium_airport,Elazığ Airport,AS,TR,Elazığ,yes,LTCA,EZS
medium_airport,Diyarbakır Airport,AS,TR,Diyarbakır,yes,LTCC,DIY
medium_airport,Erzincan Airport,AS,TR,Erzincan,yes,LTCD,ERC
medium_airport,Erzurum International Airport,AS,TR,Erzurum,yes,LTCE,ERZ
medium_airport,Kars Airport,AS,TR,Kars,yes,LTCF,KSY
medium_airport,Trabzon International Airport,AS,TR,Trabzon,yes,LTCG,TZX
medium_airport,Van Ferit Melen Airport,AS,TR,Van,yes,LTCI,VAN
medium_airport,Batman Airport,AS,TR,Batman,yes,LTCJ,BAL
medium_airport,Muş Airport,AS,TR,Muş,yes,LTCK,MSR
medium_airport,Sinop Airport,AS,TR,Sinop,yes,LTCM,NOP
medium_airport,Kahramanmaraş Airport,AS,TR,Kahramanmaraş,yes,LTCN,KCM
medium_airport,Adıyaman Airport,AS,TR,Adıyaman,yes,LTCP,ADF
medium_airport,Mardin Airport,AS,TR,Mardin,yes,LTCR,MQM
medium_airport,Şanlıurfa GAP Airport,AS,TR,Şanlıurfa,yes,LTCS,GNY
medium_airport,Iğdır Airport,AS,TR,Iğdır,yes,LTCT,IGD
medium_airport,Şırnak Şerafettin Elçi Airport,AS,TR,Şırnak,yes,LTCV,NKT
medium_airport,Hakkari Yüksekova Airport,AS,TR,Hakkari,yes,LTCW,YKO
medium_airport,Hatay Airport,AS,TR,Antakya,yes,LTDA,HTY
large_airport,Çukurova International Airport,AS,TR,Tarsus,yes,LTDB,COV
medium_airport,Süleyman Demirel International Airport,AS,TR,Isparta,yes,LTFC,ISE
medium_airport,Balıkesir Koca Seyit Airport,AS,TR,Edremit,yes,LTFD,EDO
large_airport,Milas Bodrum International Airport,AS,TR,Bodrum,yes,LTFE,BJV
medium_airport,Gazipaşa-Alanya Airport,AS,TR,Gazipaşa,yes,LTFG,GZP
medium_airport,Samsun-Çarşamba Airport,AS,TR,Samsun,yes,LTFH,SZF
large_airport,Istanbul Sabiha Gökçen International Airport,AS,TR,"Pendik, Istanbul",yes,LTFJ,SAW
large_airport,İstanbul Airport,EU,TR,"Arnavutköy, Istanbul",yes,LTFM,IST
medium_airport,Rize–Artvin Airport,AS,TR,Rize,yes,LTFO,RZV
medium_airport,Chişinău International Airport,EU,MD,Chişinău,yes,LUKK,RMO
large_airport,Skopje International Airport,EU,MK,Ilinden,yes,LWSK,SKP
large_airport,Belgrade Nikola Tesla Airport,EU,RS,Belgrade,yes,LYBE,BEG
medium_airport,Morava Airport,EU,RS,Kraljevo,yes,LYKV,KVO
medium_airport,Niš Constantine the Great Airport,EU,RS,Niš,yes,LYNI,INI
large_airport,Podgorica Airport / Podgorica Golubovci Airbase,EU,ME,Podgorica,yes,LYPG,TGD
medium_airport,Tivat Airport,EU,ME,Tivat,yes,LYTV,TIV
medium_airport,Langzhong Gucheng Airport,AS,CN,Nanchong (Langzhong),yes,ZULA,LZG
large_airport,M. R. Štefánik Airport,EU,SK,Bratislava,yes,LZIB,BTS
medium_airport,Košice International Airport,EU,SK,Košice,yes,LZKZ,KSC
medium_airport,Sliač Airport,EU,SK,Sliač,yes,LZSL,SLD
medium_airport,Poprad-Tatry Airport,EU,SK,Poprad,yes,LZTT,TAT
medium_airport,North Caicos Airport,NA,TC,North Caicos,yes,MBNC,NCA
large_airport,Providenciales International Airport,NA,TC,Providenciales,yes,MBPV,PLS
medium_airport,South Caicos Airport,NA,TC,South Caicos,yes,MBSC,XSC
medium_airport,Maria Montez International Airport,NA,DO,Barahona,yes,MDBH,BRX
medium_airport,Samaná El Catey International Airport,NA,DO,Samana,yes,MDCY,AZS
medium_airport,La Isabela International Airport,NA,DO,La Isabela,yes,MDJB,JBQ
large_airport,Casa De Campo International Airport,NA,DO,La Romana,yes,MDLR,LRM
large_airport,Punta Cana International Airport,NA,DO,Punta Cana,yes,MDPC,PUJ
medium_airport,Gregorio Luperon International Airport,NA,DO,Puerto Plata,yes,MDPP,POP
large_airport,Las Américas International Airport,NA,DO,Santo Domingo,yes,MDSD,SDQ
medium_airport,Cibao International Airport,NA,DO,Santiago,yes,MDST,STI
large_airport,La Aurora Airport,NA,GT,Guatemala City,yes,MGGT,GUA
medium_airport,Puerto Barrios Airport,NA,GT,Puerto Barrios,yes,MGPB,PBR
medium_airport,Retalhuleu Airport,NA,GT,Retalhuleu,yes,MGRT,RER
medium_airport,Mundo Maya International Airport,NA,GT,San Benito,yes,,FRS
medium_airport,Goloson International Airport,NA,HN,La Ceiba,yes,MHLC,LCE
medium_airport,Ramón Villeda Morales International Airport,NA,HN,San Pedro Sula,yes,MHLM,SAP
medium_airport,La Laguna Airport,NA,HN,Guanaja,yes,MHNJ,GJA
medium_airport,Juan Manuel Gálvez International Airport,NA,HN,Coxen Hole,yes,MHRO,RTB
medium_airport,Palmerola International Airport / José Enrique Soto Cano Air Base,NA,HN,Palmerola,yes,MHPR,XPL
medium_airport,Toncontín International Airport,NA,HN,Tegucigalpa,yes,MHTG,TGU
medium_airport,Ian Fleming International Airport,NA,JM,Boscobel,yes,MKBS,OCJ
large_airport,Norman Manley International Airport,NA,JM,Kingston,yes,MKJP,KIN
medium_airport,Sangster International Airport,NA,JM,Montego Bay,yes,MKJS,MBJ
medium_airport,Tinson Pen Airport,NA,JM,Tinson Pen,yes,MKTP,KTP
medium_airport,General Juan N. Álvarez International Airport,NA,MX,Acapulco,yes,MMAA,ACA
medium_airport,Jesús Terán Peredo International Airport,NA,MX,Aguascalientes,yes,MMAS,AGU
medium_airport,Bahías de Huatulco International Airport,NA,MX,Huatulco,yes,MMBT,HUX
medium_airport,Ciudad del Carmen International Airport,NA,MX,Ciudad del Carmen,yes,MMCE,CME
medium_airport,Bachigualato Federal International Airport,NA,MX,Culiacán,yes,MMCL,CUL
medium_airport,Chetumal International Airport,NA,MX,Chetumal,yes,MMCM,CTM
medium_airport,Ciudad Obregón International Airport,NA,MX,Ciudad Obregón,yes,MMCN,CEN
medium_airport,Ingeniero Alberto Acuña Ongay International Airport,NA,MX,Campeche,yes,MMCP,CPE
medium_airport,Abraham González International Airport,NA,MX,Ciudad Juárez,yes,MMCS,CJS
medium_airport,General Roberto Fierro Villalobos International Airport,NA,MX,Chihuahua,yes,MMCU,CUU
medium_airport,General Pedro Jose Mendez International Airport,NA,MX,Ciudad Victoria,yes,MMCV,CVM
large_airport,Cozumel International Airport,NA,MX,Cozumel,yes,MMCZ,CZM
large_airport,General Guadalupe Victoria International Airport,NA,MX,Durango,yes,MMDO,DGO
medium_airport,Amado Nervo National Airport,NA,MX,Tepic,yes,MMEP,TPQ
large_airport,Guadalajara International Airport,NA,MX,Guadalajara,yes,MMGL,GDL
medium_airport,General José María Yáñez International Airport,NA,MX,Guaymas,yes,MMGM,GYM
medium_airport,General Ignacio P. Garcia International Airport,NA,MX,Hermosillo,yes,MMHO,HMO
medium_airport,Licenciado Miguel de la Madrid International Airport,NA,MX,Colima,yes,MMIA,CLQ
medium_airport,General Antonio Cárdenas Rodríguez National Airport / Ixtepec Air Base,NA,MX,Ixtepec,yes,MMIT,IZT
medium_airport,Valle del Fuerte International Airport,NA,MX,Los Mochis,yes,MMLM,LMM
medium_airport,Del Bajío International Airport,NA,MX,Silao,yes,MMLO,BJX
medium_airport,Manuel Márquez de León International Airport,NA,MX,La Paz,yes,MMLP,LAP
medium_airport,Loreto International Airport,NA,MX,Loreto,yes,MMLT,LTO
medium_airport,General Servando Canales International Airport,NA,MX,Matamoros,yes,MMMA,MAM
large_airport,Manuel Crescencio Rejón International Airport,NA,MX,Mérida,yes,MMMD,MID
medium_airport,General Rodolfo Sánchez Taboada International Airport,NA,MX,Mexicali,yes,MMML,MXL
medium_airport,General Francisco J. Mujica International Airport,NA,MX,Morelia,yes,MMMM,MLM
medium_airport,Minatitlán/Coatzacoalcos International Airport,NA,MX,Cosoleacaque,yes,MMMT,MTT
large_airport,Benito Juárez International Airport,NA,MX,Ciudad de México,yes,MMMX,MEX
large_airport,Monterrey International Airport,NA,MX,Monterrey,yes,MMMY,MTY
large_airport,General Rafael Buelna International Airport,NA,MX,Mazatlàn,yes,MMMZ,MZT
medium_airport,Quetzalcóatl International Airport,NA,MX,Nuevo Laredo,yes,MMNL,NLD
medium_airport,Xoxocotlán International Airport,NA,MX,Oaxaca,yes,MMOX,OAX
medium_airport,El Tajín National Airport,NA,MX,Poza Rica,yes,MMPA,PAZ
medium_airport,Hermanos Serdán International Airport,NA,MX,Puebla,yes,MMPB,PBC
medium_airport,Piedras Negras International Airport,NA,MX,Piedras Negras,yes,MMPG,PDS
medium_airport,Uruapan - Licenciado y General Ignacio Lopez Rayon International Airport,NA,MX,Uruapan,yes,MMPN,UPN
large_airport,Puerto Vallarta International Airport,NA,MX,Puerto Vallarta,yes,MMPR,PVR
medium_airport,Puerto Escondido International Airport,NA,MX,Puerto Escondido,yes,MMPS,PXM
medium_airport,Querétaro Intercontinental Airport,NA,MX,Querétaro,yes,MMQT,QRO
medium_airport,General Lucio Blanco International Airport,NA,MX,Reynosa,yes,MMRX,REX
large_airport,Los Cabos International Airport,NA,MX,San José del Cabo,yes,MMSD,SJD
large_airport,General Felipe Ángeles International Airport,NA,MX,Mexico City,yes,MMSM,NLU
medium_airport,Ponciano Arriaga International Airport,NA,MX,San Luis Potosí,yes,MMSP,SLP
medium_airport,Francisco Sarabia Tinoco International Airport,NA,MX,Torreón,yes,MMTC,TRC
medium_airport,Angel Albino Corzo International Airport,NA,MX,Tuxtla Gutiérrez,yes,MMTG,TGZ
large_airport,General Abelardo L. Rodriguez International Airport,NA,MX,Tijuana,yes,MMTJ,TIJ
medium_airport,Felipe Carrillo Puerto International Airport,NA,MX,Tulum,yes,MMTL,TQO
medium_airport,General Francisco Javier Mina International Airport,NA,MX,Tampico,yes,MMTM,TAM
medium_airport,Adolfo López Mateos International Airport,NA,MX,Toluca,yes,MMTO,TLC
medium_airport,Tapachula International Airport,NA,MX,Tapachula,yes,MMTP,TAP
large_airport,Cancún International Airport,NA,MX,Cancún,yes,MMUN,CUN
medium_airport,Carlos Rovirosa Pérez International Airport,NA,MX,Villahermosa,yes,MMVA,VSA
medium_airport,General Heriberto Jara International Airport,NA,MX,Veracruz,yes,MMVR,VER
medium_airport,General Leobardo C. Ruiz International Airport,NA,MX,Zacatecas,yes,MMZC,ZCL
medium_airport,Ixtapa-Zihuatanejo International Airport,NA,MX,Ixtapa,yes,MMZH,ZIH
medium_airport,Playa de Oro International Airport,NA,MX,Manzanillo,yes,MMZO,ZLO
medium_airport,Bluefields Airport,NA,NI,Bluefields,yes,MNBL,BEF
medium_airport,Augusto C. Sandino (Managua) International Airport,NA,NI,Managua,yes,MNMG,MGA
medium_airport,Puerto Cabezas Airport,NA,NI,Puerto Cabezas,yes,MNPC,PUZ
medium_airport,Bocas del Toro International Airport,NA,PA,Isla Colón,yes,MPBO,BOC
medium_airport,Alonso Valderrama Airport,NA,PA,Chitré,yes,MPCE,CTD
medium_airport,Changuinola Captain Manuel Niño International Airport,NA,PA,Changuinola,yes,MPCH,CHX
medium_airport,Enrique Malek International Airport,NA,PA,David,yes,MPDA,DAV
medium_airport,Enrique Adolfo Jimenez Airport,NA,PA,Colón,yes,MPEJ,ONX
medium_airport,Marcos A. Gelabert International Airport,NA,PA,Albrook,yes,MPMG,PAC
large_airport,Tocumen International Airport,NA,PA,Tocumen,yes,MPTO,PTY
large_airport,Guanacaste Airport,NA,CR,Liberia,yes,MRLB,LIR
medium_airport,Nosara Airport,NA,CR,Nicoya,yes,MRNS,NOB
large_airport,Juan Santamaría International Airport,NA,CR,San José (Alajuela),yes,MROC,SJO
medium_airport,Puerto Jimenez Airport,NA,CR,Puerto Jimenez,yes,MRPJ,PJM
medium_airport,Tobías Bolaños International Airport,NA,CR,San Jose,yes,MRPV,SYQ
medium_airport,Quepos Managua Airport,NA,CR,Quepos,yes,MRQP,XQP
large_airport,Monseñor Óscar Arnulfo Romero International Airport,NA,SV,San Salvador (San Luis Talpa),yes,MSLP,SAL
medium_airport,Comiso Airport,EU,IT,Comiso,yes,LICB,CIY
large_airport,Gibraltar Airport,EU,GI,Gibraltar,yes,LXGB,GIB
medium_airport,Antoine-Simon International Airport,NA,HT,Les Cayes,yes,MTCA,CYA
medium_airport,Cap Haitien International Airport,NA,HT,Cap Haitien,yes,MTCH,CAP
medium_airport,Jérémie Airport,NA,HT,Carrefour Sanon,yes,MTJE,JEE
large_airport,Toussaint Louverture International Airport,NA,HT,Port-au-Prince,yes,MTPP,PAP
medium_airport,Gustavo Rizo Airport,NA,CU,Baracoa,yes,MUBA,BCA
medium_airport,Carlos Manuel de Cespedes Airport,NA,CU,Bayamo,yes,MUBY,BYM
medium_airport,Jardines Del Rey Airport,NA,CU,Cayo Coco,yes,MUCC,CCC
medium_airport,Vilo Acuña International Airport,NA,CU,Cayo Largo del Sur,yes,MUCL,CYO
medium_airport,Ignacio Agramonte International Airport,NA,CU,Camaguey,yes,MUCM,CMW
medium_airport,Antonio Maceo International Airport,NA,CU,Santiago,yes,MUCU,SCU
large_airport,José Martí International Airport,NA,CU,Havana,yes,MUHA,HAV
medium_airport,Frank Pais International Airport,NA,CU,Holguin,yes,MUHG,HOG
medium_airport,Sierra Maestra International Airport,NA,CU,Manzanillo,yes,MUMZ,MZO
medium_airport,Rafael Cabrera Airport,NA,CU,Nueva Gerona,yes,MUNG,GER
medium_airport,Abel Santamaria Airport,NA,CU,Santa Clara,yes,MUSC,SNU
medium_airport,Alberto Delgado Airport,NA,CU,Trinidad,yes,MUTD,TND
large_airport,Juan Gualberto Gomez International Airport,NA,CU,Matanzas,yes,MUVR,VRA
medium_airport,Hermanos Ameijeiras Airport,NA,CU,Las Tunas,yes,MUVT,VTU
medium_airport,Charles Kirkconnell International Airport,NA,KY,West End,yes,MWCB,CYB
large_airport,Owen Roberts International Airport,NA,KY,George Town,yes,MWCR,GCM
medium_airport,Congo Town Airport,NA,BS,Andros,yes,MYAK,TZN
medium_airport,Leonard M Thompson International Airport,NA,BS,Marsh Harbour,yes,MYAM,MHH
medium_airport,San Andros Airport,NA,BS,Andros Island,yes,MYAN,SAQ
medium_airport,Spring Point Airport,NA,BS,Spring Point,yes,MYAP,AXP
medium_airport,Treasure Cay Airport,NA,BS,Treasure Cay,yes,MYAT,TCB
medium_airport,Chub Cay Airport,NA,BS,Chub Cay,yes,MYBC,CCZ
medium_airport,South Bimini Airport,NA,BS,South Bimini,yes,MYBS,BIM
medium_airport,Arthur's Town Airport,NA,BS,Arthur's Town,yes,MYCA,ATC
medium_airport,New Bight Airport,NA,BS,Cat Island,yes,MYCB,TBI
medium_airport,Colonel Hill Airport,NA,BS,Colonel Hill,yes,MYCI,CRI
medium_airport,Exuma International Airport,NA,BS,Moss Town,yes,MYEF,GGT
medium_airport,North Eleuthera Airport,NA,BS,North Eleuthera,yes,MYEH,ELH
medium_airport,Governor's Harbour Airport,NA,BS,Governor's Harbour,yes,MYEM,GHB
medium_airport,Grand Bahama International Airport,NA,BS,Freeport,yes,MYGF,FPO
medium_airport,Inagua Airport,NA,BS,Matthew Town,yes,MYIG,IGA
medium_airport,Deadman's Cay Airport,NA,BS,Deadman's Cay,yes,MYLD,LGI
medium_airport,Stella Maris Airport,NA,BS,Stella Maris,yes,MYLS,SML
medium_airport,Mayaguana Airport,NA,BS,Abraham Bay Settlement,yes,MYMM,MYG
large_airport,Lynden Pindling International Airport,NA,BS,Nassau,yes,MYNN,NAS
medium_airport,San Salvador Airport,NA,BS,San Salvador,yes,MYSM,ZSA
large_airport,Philip S. W. Goldson International Airport,NA,BZ,Belize City,yes,MZBZ,BZE
small_airport,Manatee Airport,NA,BZ,,no,,MZE
medium_airport,Placencia Airport,NA,BZ,Placencia,yes,MZPL,PLJ
medium_airport,Nadi International Airport,OC,FJ,Nadi,yes,NFFN,NAN
medium_airport,Nausori International Airport,OC,FJ,Nausori,yes,NFNA,SUV
medium_airport,Labasa Airport,OC,FJ,Labasa,yes,NFNL,LBS
medium_airport,Columbus Metropolitan Airport,NA,US,Columbus,yes,KCSG,CSG
medium_airport,Lifuka Island Airport,OC,TO,Lifuka,yes,NFTL,HPA
medium_airport,Vava'u International Airport,OC,TO,Vava'u Island,yes,NFTV,VAV
medium_airport,Sukhumi Babushara /  Vladislav Ardzinba International Airport,AS,GE,Sukhumi,yes,UGSS,SUI
medium_airport,Funafuti International Airport,OC,TV,Funafuti,yes,NGFU,FUN
medium_airport,Bonriki International Airport,OC,KI,Tarawa,yes,NGTA,TRW
medium_airport,Tabiteuea North Airport,OC,KI,,no,NGTE,TBF
medium_airport,Niue International Airport,OC,NU,Alofi,yes,NIUE,IUE
large_airport,Zagreb Franjo Tuđman International Airport,EU,HR,Velika Gorica,yes,LDZA,ZAG
medium_airport,Pokhara International Airport,AS,NP,Pokhara,yes,,PHH
medium_airport,Rurutu Airport,OC,PF,,yes,NTAR,RUR
medium_airport,Tubuai Airport,OC,PF,,yes,NTAT,TUB
small_airport,Raivavae Airport,OC,PF,,yes,NTAV,RVV
medium_airport,Anaa Airport,OC,PF,Anaa,yes,NTGA,AAA
medium_airport,Fangatau Airport,OC,PF,Fangatau,yes,NTGB,FGU
medium_airport,Fakarava Airport,OC,PF,,yes,NTGF,FAV
medium_airport,Manihi Airport,OC,PF,,yes,NTGI,XMH
medium_airport,Totegegie Airport,OC,PF,,yes,NTGJ,GMR
medium_airport,Kaukura Airport,OC,PF,Raitahiti,yes,NTGK,KKR
medium_airport,Makemo Airport,OC,PF,Makemo,yes,NTGM,MKP
medium_airport,Takapoto Airport,OC,PF,,yes,NTGT,TKP
medium_airport,Arutua Airport,OC,PF,,yes,NTGU,AXR
medium_airport,Mataiva Airport,OC,PF,,yes,NTGV,MVT
medium_airport,Ahe Airport,OC,PF,Ahe Atoll,yes,NTHE,AHE
medium_airport,Takaroa Airport,OC,PF,,yes,NTKR,TKX
medium_airport,Nuku Hiva Airport,OC,PF,Nuku Hiva,yes,NTMD,NHV
medium_airport,Hiva Oa-Atuona Airport,OC,PF,Hiva Oa Island,yes,NTMN,AUQ
medium_airport,Bora Bora Airport,OC,PF,Motu Mute,yes,NTTB,BOB
medium_airport,Rangiroa Airport,OC,PF,,yes,NTTG,RGI
medium_airport,Huahine-Fare Airport,OC,PF,Fare,yes,NTTH,HUH
medium_airport,Moorea Temae Airport,OC,PF,Moorea-Maiao,yes,NTTM,MOZ
medium_airport,Hao Airport,OC,PF,Otepa,yes,NTTO,HOI
medium_airport,Maupiti Airport,OC,PF,,yes,NTTP,MAU
medium_airport,Raiatea Airport,OC,PF,Uturoa,yes,NTTR,RFP
medium_airport,Chalons Vatry airport,EU,FR,Chalons en Champagne,yes,LFOK,XCR
medium_airport,Santo Pekoa International Airport,OC,VU,Luganville,yes,NVSS,SON
large_airport,Bauerfield International Airport,OC,VU,Port Vila,yes,NVVV,VLI
medium_airport,Whitegrass Airport,OC,VU,Tanna Island,yes,NVVW,TAH
medium_airport,Tiga Airport,OC,NC,Tiga,yes,NWWA,TGJ
medium_airport,Koné Airport,OC,NC,Koné,yes,NWWD,KNQ
medium_airport,Île des Pins Airport,OC,NC,Île des Pins,yes,NWWE,ILP
medium_airport,Lifou Airport,OC,NC,Lifou,yes,NWWL,LIF
medium_airport,Nouméa Magenta Airport,OC,NC,Nouméa,yes,NWWM,GEA
medium_airport,Maré Airport,OC,NC,Maré,yes,NWWR,MEE
medium_airport,Touho Airport,OC,NC,Touho,yes,NWWU,TOU
medium_airport,Ouvéa Airport,OC,NC,Ouvéa,yes,NWWV,UVE
medium_airport,La Tontouta International Airport,OC,NC,Nouméa (La Tontouta),yes,NWWW,NOU
large_airport,Auckland International Airport,OC,NZ,Auckland,yes,NZAA,AKL
medium_airport,Taupo Airport,OC,NZ,Taupo,yes,NZAP,TUO
medium_airport,Chatham Islands / Tuuta Airport,OC,NZ,Te One,yes,NZCI,CHT
medium_airport,Dunedin International Airport,OC,NZ,Dunedin,yes,NZDN,DUD
small_airport,Franz Josef Aerodrome,OC,NZ,,no,,WHO
small_airport,Greymouth Airport,OC,NZ,,no,NZGM,GMN
medium_airport,Gisborne Airport,OC,NZ,Gisborne,yes,NZGS,GIS
medium_airport,Hokitika Airfield,OC,NZ,,yes,NZHK,HKK
medium_airport,Hamilton International Airport,OC,NZ,Hamilton,yes,NZHN,HLZ
small_airport,Kaikoura Airport,OC,NZ,,no,NZKI,KBZ
medium_airport,Kerikeri Airport,OC,NZ,Kerikeri,yes,NZKK,KKE
medium_airport,Kaitaia Airport,OC,NZ,Awanui,yes,NZKT,KAT
medium_airport,Ninglang Luguhu Airport,AS,CN,Ninglang,yes,ZPNL,NLH
medium_airport,Hihifo Airport,OC,WF,Wallis Island,yes,NLWW,WLS
medium_airport,Mount Cook Airport,OC,NZ,,no,NZMC,MON
small_airport,Milford Sound Airport,OC,NZ,,no,NZMF,MFN
small_airport,Motueka Airport,OC,NZ,,no,NZMK,MZP
medium_airport,Manapouri Airport,OC,NZ,,no,NZMO,TEU
medium_airport,New Plymouth Airport,OC,NZ,New Plymouth,yes,NZNP,NPL
medium_airport,Pago Pago International Airport,OC,AS,Pago Pago,yes,NSTU,PPG
medium_airport,Oamaru Airport,OC,NZ,,no,NZOU,OAM
medium_airport,Palmerston North Airport,OC,NZ,Palmerston North,yes,NZPM,PMR
medium_airport,Tikehau Airport,OC,PF,Tuherahera,yes,NTGC,TIH
medium_airport,Rotorua Regional Airport,OC,NZ,Rotorua,yes,NZRO,ROT
medium_airport,Tauranga Airport,OC,NZ,Tauranga,yes,NZTG,TRG
small_airport,Thames Aerodrome,OC,NZ,,no,NZTH,TMZ
small_airport,Puka Puka Airport,OC,PF,,yes,NTGP,PKP
medium_airport,Timaru Airport,OC,NZ,,yes,NZTU,TIU
medium_airport,Woodbourne Airport,OC,NZ,Blenheim,yes,NZWB,BHE
medium_airport,Wanaka Airport,OC,NZ,Wanaka,yes,NZWF,WKA
medium_airport,Whakatane Airport,OC,NZ,,yes,NZWK,WHK
large_airport,Wellington International Airport,OC,NZ,Wellington,yes,NZWN,WLG
medium_airport,Whangarei Airport,OC,NZ,Whangarei,yes,NZWR,WRE
medium_airport,Westport Airport,OC,NZ,Westport,yes,NZWS,WSZ
medium_airport,Wanganui Airport,OC,NZ,Wanganui,yes,NZWU,WAG
medium_airport,Herat - Khwaja Abdullah Ansari International Airport,AS,AF,Guzara,yes,OAHR,HEA
medium_airport,Kabul International Airport,AS,AF,Kabul,yes,OAKB,KBL
medium_airport,Ahmad Shah Baba International Airport / Kandahar Airfield,AS,AF,Khvoshab,yes,OAKN,KDH
medium_airport,Maymana Zahiraddin Faryabi Airport,AS,AF,Maymana,yes,OAMN,MMZ
medium_airport,Mazar-i-Sharif International Airport,AS,AF,Mazar-i-Sharif,yes,OAMS,MZR
medium_airport,Al-Ahsa International Airport,AS,SA,Hofuf,yes,OEAH,HOF
medium_airport,Majeed Bin Abdulaziz Airport,AS,SA,Al Ula,yes,OEAO,ULH
medium_airport,King Saud Bin Abdulaziz (Al Baha) Airport,AS,SA,Al-Baha,yes,OEBA,ABT
medium_airport,Bisha Airport,AS,SA,Bisha,yes,OEBH,BHH
large_airport,King Fahd International Airport,AS,SA,Ad Dammam,yes,OEDF,DMM
medium_airport,King Salman Abdulaziz Airport,AS,SA,Dawadmi,yes,,DWD
medium_airport,Jizan Regional Airport / King Abdullah bin Abdulaziz Airport,AS,SA,Jizan,yes,OEGN,GIZ
medium_airport,Gurayat Domestic Airport,AS,SA,Gurayat,yes,OEGT,URY
medium_airport,Ha'il Airport,AS,SA,Ha'il,yes,OEHL,HAS
large_airport,King Abdulaziz International Airport,AS,SA,Jeddah,yes,OEJN,JED
medium_airport,King Khaled Military City Airport,AS,SA,King Khaled Military City,yes,OEKK,KMC
large_airport,Prince Mohammad Bin Abdulaziz Airport,AS,SA,Medina,yes,OEMA,MED
medium_airport,Najran Domestic Airport,AS,SA,Najran,yes,OENG,EAM
medium_airport,Al Qaisumah/Hafr Al Batin Airport,AS,SA,Qaisumah,yes,OEPA,AQI
medium_airport,Rafha Domestic Airport,AS,SA,Rafha,yes,OERF,RAH
large_airport,King Khaled International Airport,AS,SA,Riyadh,yes,OERK,RUH
medium_airport,Arar Domestic Airport,AS,SA,Arar,yes,OERR,RAE
medium_airport,Sharurah Domestic Airport,AS,SA,Sharurah,yes,OESH,SHW
medium_airport,Al-Jawf Domestic Airport,AS,SA,Al-Jawf,yes,OESK,AJF
medium_airport,Tabuk Airport,AS,SA,Tabuk,yes,OETB,TUU
medium_airport,Ta’if Regional Airport,AS,SA,Ta’if,yes,OETF,TIF
medium_airport,Turaif Domestic Airport,AS,SA,Turaif,yes,OETR,TUI
medium_airport,Wadi Al Dawasir Domestic Airport,AS,SA,Wadi Al Dawasir,yes,OEWD,WAE
medium_airport,Al Wajh Domestic Airport,AS,SA,Al Wajh,yes,OEWJ,EJH
medium_airport,Abadan Airport,AS,IR,Abadan,yes,OIAA,ABD
medium_airport,Dezful Airport,AS,IR,Dezful,yes,OIAD,DEF
medium_airport,Gachsaran Airport,AS,IR,Gachsaran,yes,OIAH,GCH
medium_airport,Mahshahr Airport,AS,IR,Mahshahr,yes,OIAM,MRX
medium_airport,Lieutenant General Qasem Soleimani International Airport,AS,IR,Ahvaz,yes,OIAW,AWZ
medium_airport,Abu Musa Island Airport,AS,IR,Abu Musa,yes,OIBA,AEU
medium_airport,Bushehr Airport,AS,IR,Bushehr,yes,OIBB,BUZ
medium_airport,Kish International Airport,AS,IR,Kish Island,yes,OIBK,KIH
medium_airport,Bandar Lengeh International Airport,AS,IR,Bandar Lengeh,yes,OIBL,BDH
medium_airport,Persian Gulf International Airport,AS,IR,Khiyaroo,yes,OIBP,PGU
medium_airport,Khark Airport,AS,IR,Khark,yes,OIBQ,KHK
medium_airport,Shahid Ashrafi Esfahani Airport,AS,IR,Kermanshah,yes,OICC,KSH
medium_airport,Khoram Abad Airport,AS,IR,,yes,OICK,KHD
medium_airport,Sanandaj Airport,AS,IR,,yes,OICS,SDG
medium_airport,Kashan Airport,AS,IR,Kashan,yes,OIFK,KKS
medium_airport,Isfahan Shahid Beheshti International Airport,AS,IR,Isfahan,yes,OIFM,IFN
medium_airport,Sardar-e-Jangal Airport,AS,IR,Rasht,yes,OIGG,RAS
medium_airport,Hamadan Airport,AS,IR,Hamadan,yes,OIHH,HDM
large_airport,Imam Khomeini International Airport,AS,IR,Tehran,yes,OIIE,IKA
large_airport,Mehrabad International Airport,AS,IR,Tehran,yes,OIII,THR
medium_airport,Payam Karaj International Airport,AS,IR,Karaj,yes,OIIP,PYK
medium_airport,Bandar Abbas International Airport,AS,IR,Bandar Abbas,yes,OIKB,BND
medium_airport,Ayatollah Hashemi Rafsanjani International Airport,AS,IR,Kerman,yes,OIKK,KER
medium_airport,Bam Airport,AS,IR,Bam,yes,OIKM,BXR
medium_airport,Rafsanjan Airport,AS,IR,Rafsanjan,yes,OIKR,RJN
medium_airport,Birjand International Airport,AS,IR,Birjand,yes,OIMB,XBJ
large_airport,Mashhad International Airport,AS,IR,Mashhad,yes,OIMM,MHD
medium_airport,Bojnord Airport,AS,IR,Bojnord,yes,OIMN,BJB
medium_airport,Sabzevar National Airport,AS,IR,Sabzevar,yes,OIMS,AFZ
medium_airport,Nowshahr Airport,AS,IR,Nowshahr,yes,OINN,NSH
medium_airport,Ramsar Airport,AS,IR,Ramsar,yes,OINR,RZR
medium_airport,Sari Dasht-e Naz International Airport,AS,IR,Sari,yes,OINZ,SRY
medium_airport,Lar Airport,AS,IR,Lar,yes,OISL,LRR
medium_airport,Lamerd Airport,AS,IR,Lamerd,yes,OISR,LFM
large_airport,Shiraz Shahid Dastghaib International Airport,AS,IR,Shiraz,yes,OISS,SYZ
medium_airport,Ardabil Airport,AS,IR,Ardabil,yes,OITL,ADU
medium_airport,Urmia Airport,AS,IR,Urmia,yes,OITR,OMH
medium_airport,Tabriz International Airport,AS,IR,Tabriz,yes,OITT,TBZ
medium_airport,Shahid Sadooghi Airport,AS,IR,Yazd,yes,OIYY,AZD
medium_airport,Chabahar Konarak International Airport,AS,IR,Konarak,yes,OIZC,ZBR
medium_airport,Zahedan International Airport,AS,IR,Zahedan,yes,OIZH,ZAH
large_airport,Queen Alia International Airport,AS,JO,Amman,yes,OJAI,AMM
medium_airport,Amman Civil (Marka International) Airport,AS,JO,Amman,yes,OJAM,ADJ
medium_airport,Aqaba King Hussein International Airport,AS,JO,Aqaba,yes,OJAQ,AQJ
large_airport,Kuwait International Airport,AS,KW,Kuwait City,yes,OKKK,KWI
large_airport,Duqm International Airport,AS,OM,Duqm,yes,,DQM
large_airport,Zayed International Airport,AS,AE,Abu Dhabi,yes,OMAA,AUH
medium_airport,Al Ain International Airport,AS,AE,Al Ain,yes,OMAL,AAN
medium_airport,Al Dhafra Air Base,AS,AE,,no,OMAM,DHF
large_airport,Dubai International Airport,AS,AE,Dubai,yes,OMDB,DXB
large_airport,Al Maktoum International Airport,AS,AE,Jebel Ali,yes,OMDW,DWC
medium_airport,Fujairah International Airport,AS,AE,Fujairah,yes,OMFJ,FJR
medium_airport,Ras Al Khaimah International Airport,AS,AE,Ras Al Khaimah,yes,OMRK,RKT
large_airport,Sharjah International Airport,AS,AE,Sharjah,yes,OMSJ,SHJ
medium_airport,Khasab Airport,AS,OM,Khasab,yes,OOKB,KHS
large_airport,Muscat International Airport,AS,OM,Muscat,yes,OOMS,MCT
medium_airport,Salalah Airport,AS,OM,Salalah,yes,OOSA,SLL
medium_airport,Bahawalpur Airport,AS,PK,Bahawalpur,yes,OPBW,BHV
medium_airport,Chitral Airport,AS,PK,Chitral,yes,OPCH,CJL
medium_airport,Dera Ghazi Khan Airport,AS,PK,Dera Ghazi Khan,yes,OPDG,DEA
medium_airport,Faisalabad International Airport,AS,PK,Faisalabad,yes,OPFA,LYP
medium_airport,Gilgit Airport,AS,PK,Gilgit,yes,OPGT,GIL
large_airport,Islamabad International Airport,AS,PK,Attock,yes,OPIS,ISB
large_airport,Jinnah International Airport,AS,PK,Karachi,yes,OPKC,KHI
large_airport,Allama Iqbal International Airport,AS,PK,Lahore,yes,OPLA,LHE
medium_airport,Multan International Airport,AS,PK,Multan,yes,OPMT,MUX
medium_airport,Shaheed Benazirabad Airport,AS,PK,Nawabashah,yes,OPNH,WNS
medium_airport,Peshawar International Airport,AS,PK,Peshawar,yes,OPPS,PEW
medium_airport,Quetta International Airport,AS,PK,Quetta,yes,OPQT,UET
medium_airport,Shaikh Zaid Airport,AS,PK,Rahim Yar Khan,yes,OPRK,RYK
medium_airport,Skardu Airport,AS,PK,Skardu,yes,OPSD,KDU
medium_airport,Sialkot International Airport,AS,PK,Sialkot,yes,OPST,SKT
medium_airport,Turbat International Airport,AS,PK,Turbat,yes,OPTU,TUK
medium_airport,Zhob Airport,AS,PK,Fort Sandeman,yes,OPZB,PZH
large_airport,Baghdad International Airport / New Al Muthana Air Base,AS,IQ,Baghdad,yes,ORBI,BGW
medium_airport,Erbil International Airport,AS,IQ,Arbil,yes,ORER,EBL
medium_airport,Basra International Airport,AS,IQ,Basra,yes,ORMM,BSR
medium_airport,Al Najaf International Airport,AS,IQ,Najaf,yes,ORNI,NJF
medium_airport,Sulaymaniyah International Airport,AS,IQ,Sulaymaniyah,yes,ORSU,ISU
medium_airport,Aleppo International Airport,AS,SY,Aleppo,yes,OSAP,ALP
large_airport,Damascus International Airport,AS,SY,Damascus,yes,OSDI,DAM
medium_airport,Qamishli Airport,AS,SY,Qamishly,yes,OSKL,KAC
large_airport,Hamad International Airport,AS,QA,Doha,yes,OTHH,DOH
medium_airport,Aden International Airport,AS,YE,Aden,yes,OYAA,ADE
medium_airport,Al Ghaydah International Airport,AS,YE,Al Ghaydah,yes,OYGD,AAY
medium_airport,Riyan Mukalla International Airport,AS,YE,Riyan,yes,OYRN,RIY
medium_airport,Sanaa International Airport,AS,YE,Sanaa,yes,OYSN,SAH
medium_airport,Socotra International Airport,AS,YE,Mori,yes,OYSQ,SCT
medium_airport,Seiyun Hadhramaut International Airport,AS,YE,Seiyun,yes,OYSY,GXF
medium_airport,Ta'izz International Airport,AS,YE,Ta'izz,yes,OYTZ,TAI
medium_airport,Barter Island Long Range Radar Station Airport,NA,US,Barter Island,yes,PABA,BTI
medium_airport,Wiley Post Will Rogers Memorial Airport,NA,US,Utqiaġvik,yes,PABR,BRW
medium_airport,Cold Bay Airport,NA,US,Cold Bay,yes,PACD,CDB
medium_airport,Merle K (Mudhole) Smith Airport,NA,US,Cordova,yes,PACV,CDV
medium_airport,Dillingham Airport,NA,US,Dillingham,yes,PADL,DLG
medium_airport,Kodiak Airport,NA,US,Kodiak,yes,PADQ,ADQ
medium_airport,Tom Madsen (Dutch Harbor) Airport,NA,US,Unalaska,yes,PADU,DUT
medium_airport,Melbourne Moorabbin Airport,OC,AU,Melbourne,yes,YMMB,MBW
medium_airport,Emmonak Airport,NA,US,Emmonak,yes,PAEM,EMK
medium_airport,Kenai Municipal Airport,NA,US,Kenai,yes,PAEN,ENA
medium_airport,Fairbanks International Airport,NA,US,Fairbanks,yes,PAFA,FAI
medium_airport,Ambler Airport,NA,US,Ambler,yes,PAFM,ABL
medium_airport,Edward G. Pitka Sr Airport,NA,US,Galena,yes,PAGA,GAL
medium_airport,Gulkana Airport,NA,US,Gulkana,yes,PAGK,GKN
medium_airport,Gambell Airport,NA,US,Gambell,yes,PAGM,GAM
small_airport,Marree Airport,OC,AU,,no,YMRE,RRE
medium_airport,Gustavus Airport,NA,US,Gustavus,yes,PAGS,GST
medium_airport,Holy Cross Airport,NA,US,Holy Cross,yes,PAHC,HCR
medium_airport,Huslia Airport,NA,US,Huslia,yes,PAHL,HSL
medium_airport,Haines Airport,NA,US,Haines,yes,PAHN,HNS
medium_airport,Homer Airport,NA,US,Homer,yes,PAHO,HOM
small_airport,Mount Valley Airport,OC,AU,,no,,MNV
medium_airport,Egegik Airport,NA,US,Egegik,yes,PAII,EGX
medium_airport,Bob Baker Memorial Airport,NA,US,Kiana,yes,PAIK,IAN
medium_airport,Iliamna Airport,NA,US,Iliamna,yes,PAIL,ILI
medium_airport,Indian Mountain LRRS Airport,NA,US,Utopia Creek,yes,PAIM,UTO
medium_airport,Juneau International Airport,NA,US,Juneau,yes,PAJN,JNU
medium_airport,King Salmon Airport,NA,US,King Salmon,yes,PAKN,AKN
medium_airport,Anaktuvuk Pass Airport,NA,US,Anaktuvuk Pass,yes,PAKP,AKP
medium_airport,Ketchikan International Airport,NA,US,Ketchikan,yes,PAKT,KTN
medium_airport,Klawock Airport,NA,US,Klawock,yes,PAKW,KLW
medium_airport,Cape Lisburne LRRS Airport,NA,US,Cape Lisburne,yes,PALU,LUR
medium_airport,McGrath Airport,NA,US,McGrath,yes,PAMC,MCG
small_airport,Orbost Airport,OC,AU,,no,YORB,RBS
medium_airport,Merrill Field,NA,US,Anchorage,yes,PAMR,MRI
medium_airport,Mekoryuk Airport,NA,US,Mekoryuk,yes,PAMY,MYU
large_airport,Ted Stevens Anchorage International Airport,NA,US,Anchorage,yes,PANC,ANC
medium_airport,Aniak Airport,NA,US,Aniak,yes,PANI,ANI
medium_airport,Cocos (Keeling) Islands Airport,AS,CC,West Island,yes,YPCC,CCK
medium_airport,Anvik Airport,NA,US,Anvik,yes,PANV,ANV
medium_airport,Nome Airport,NA,US,Nome,yes,PAOM,OME
medium_airport,Northway Airport,NA,US,Northway,yes,PAOR,ORT
medium_airport,Ralph Wien Memorial Airport,NA,US,Kotzebue,yes,PAOT,OTZ
medium_airport,St George Airport,NA,US,St George,yes,PAPB,STG
medium_airport,Petersburg James A Johnson Airport,NA,US,Petersburg,yes,PAPG,PSG
medium_airport,Port Heiden Airport,NA,US,Port Heiden,yes,PAPH,PTH
medium_airport,Platinum Airport,NA,US,Platinum,yes,PAPM,PTU
medium_airport,Nuiqsut Airport,NA,US,Nuiqsut,yes,PAQT,NUI
medium_airport,Arctic Village Airport,NA,US,Arctic Village,yes,PARC,ARC
medium_airport,Ruby Airport,NA,US,Ruby,yes,PARY,RBY
medium_airport,Savoonga Airport,NA,US,Savoonga,yes,PASA,SVA
medium_airport,Deadhorse Airport,NA,US,Deadhorse,yes,PASC,SCC
medium_airport,Sand Point Airport,NA,US,Sand Point,yes,PASD,SDP
medium_airport,Sitka Rocky Gutierrez Airport,NA,US,Sitka,yes,PASI,SIT
medium_airport,St Paul Island Airport,NA,US,St Paul Island,yes,PASN,SNP
medium_airport,Atqasuk Edward Burnell Sr Memorial Airport,NA,US,Atqasuk,yes,PATQ,ATK
medium_airport,Unalakleet Airport,NA,US,Unalakleet,yes,PAUN,UNK
medium_airport,Valdez Pioneer Field,NA,US,Valdez,yes,PAVD,VDZ
medium_airport,Wrangell Airport,NA,US,Wrangell,yes,PAWG,WRG
medium_airport,Wainwright Airport,NA,US,Wainwright,yes,PAWI,AIN
medium_airport,Yakutat Airport,NA,US,Yakutat,yes,PAYA,YAK
medium_airport,Norfolk Island International Airport,OC,NF,Burnt Pine,yes,YSNF,NLK
medium_airport,Fort Yukon Airport,NA,US,Fort Yukon,yes,PFYU,FYU
small_airport,Biliau Airport,OC,PG,,no,,BIJ
medium_airport,Rota International Airport,OC,MP,Rota Island,yes,PGRO,ROP
medium_airport,Saipan International Airport,OC,MP,"I Fadang, Saipan",yes,PGSN,SPN
large_airport,Antonio B. Won Pat International Airport,OC,GU,Hagåtña,yes,PGUM,GUM
medium_airport,Tinian International Airport,OC,MP,Tinian Island,yes,PGWT,TIQ
medium_airport,Hana Airport,OC,US,Hana,yes,PHHN,HNM
medium_airport,Kapalua Airport,OC,US,Lahaina,yes,PHJH,JHM
medium_airport,Ellison Onizuka Kona International Airport at Keahole,NA,US,Kailua-Kona,yes,PHKO,KOA
medium_airport,Lihue Airport,OC,US,Lihue,yes,PHLI,LIH
medium_airport,Molokai Airport,OC,US,Kaunakakai,yes,PHMK,MKK
large_airport,Daniel K Inouye International Airport,NA,US,"Honolulu, Oahu",yes,PHNL,HNL
medium_airport,Lanai Airport,OC,US,Lanai City,yes,PHNY,LNY
large_airport,Kahului International Airport,NA,US,Kahului,yes,PHOG,OGG
medium_airport,Hilo International Airport,OC,US,Hilo,yes,PHTO,ITO
medium_airport,Marshall Islands International Airport,OC,MH,Majuro Atoll,yes,PKMJ,MAJ
medium_airport,Bucholz Army Air Field,OC,MH,Kwajalein,yes,PKWA,KWA
medium_airport,Cassidy International Airport,OC,KI,Kiritimati,yes,PLCH,CXI
medium_airport,Point Lay LRRS Airport,NA,US,Point Lay,yes,PPIZ,PIZ
medium_airport,Chuuk International Airport,OC,FM,Weno Island,yes,PTKK,TKK
medium_airport,Pohnpei International Airport,OC,FM,Pohnpei Island,yes,PTPN,PNI
medium_airport,Kosrae International Airport,OC,FM,Okat,yes,PTSA,KSA
medium_airport,Yap International Airport,OC,FM,Yap Island,yes,PTYA,YAP
medium_airport,Wake Island Airfield,OC,UM,Wake Island,yes,PWAK,AWK
medium_airport,Kinmen Airport,AS,TW,Shang-I,yes,RCBS,KNH
medium_airport,Matsu Nangan Airport,AS,TW,Matsu (Nangan),yes,RCFG,LZN
medium_airport,Taitung Airport,AS,TW,Taitung City,yes,RCFN,TTT
large_airport,Kaohsiung International Airport,AS,TW,Kaohsiung (Xiaogang),yes,RCKH,KHH
medium_airport,Chiayi Airport,AS,TW,Shuishang,yes,RCKU,CYI
medium_airport,Lanyu Airport,AS,TW,Orchid Island,yes,RCLY,KYD
medium_airport,Taichung International Airport / Ching Chuang Kang Air Base,AS,TW,Taichung (Qingshui),yes,RCMQ,RMQ
medium_airport,Matsu Beigan Airport,AS,TW,Matsu (Beigan),yes,RCMT,MFK
medium_airport,Tainan International Airport / Tainan Air Base,AS,TW,Tainan (Rende),yes,RCNN,TNN
medium_airport,Penghu Magong Airport,AS,TW,Huxi,yes,RCQC,MZG
medium_airport,Pingtung Air Force Base North,AS,TW,Pingtung,yes,,PIF
medium_airport,Taipei Songshan Airport,AS,TW,Taipei (Songshan),yes,RCSS,TSA
large_airport,Taiwan Taoyuan International Airport,AS,TW,Taoyuan,yes,RCTP,TPE
medium_airport,Lea County Regional Airport,NA,US,Hobbs,yes,KHOB,HOB
large_airport,Narita International Airport,AS,JP,Narita,yes,RJAA,NRT
medium_airport,Shinshu-Matsumoto Airport,AS,JP,Matsumoto,yes,RJAF,MMJ
medium_airport,Ibaraki Airport / JASDF Hyakuri Air Base,AS,JP,Omitama,yes,RJAH,IBR
large_airport,Kansai International Airport,AS,JP,Osaka,yes,RJBB,KIX
medium_airport,Nanki Shirahama Airport,AS,JP,Shirahama,yes,RJBD,SHM
medium_airport,Kobe Airport,AS,JP,Kobe,yes,RJBE,UKB
medium_airport,Konotori Tajima Airport,AS,JP,Toyooka,yes,RJBT,TJH
medium_airport,Tokachi-Obihiro Airport,AS,JP,Obihiro,yes,RJCB,OBO
large_airport,New Chitose Airport,AS,JP,Sapporo,yes,RJCC,CTS
medium_airport,Hakodate Airport,AS,JP,Hakodate,yes,RJCH,HKD
medium_airport,Kushiro Airport,AS,JP,Kushiro,yes,RJCK,KUH
medium_airport,Memanbetsu Airport,AS,JP,Ōzora,yes,RJCM,MMB
medium_airport,Sapporo Okadama Airport,AS,JP,Sapporo,yes,RJCO,OKD
medium_airport,Wakkanai Airport,AS,JP,Wakkanai,yes,RJCW,WKJ
medium_airport,Iki Airport,AS,JP,Iki,yes,RJDB,IKI
medium_airport,Yamaguchi Ube Airport,AS,JP,Ube,yes,RJDC,UBJ
medium_airport,Tsushima Airport,AS,JP,Tsushima,yes,RJDT,TSJ
medium_airport,Monbetsu Airport,AS,JP,Monbetsu,yes,RJEB,MBE
medium_airport,Asahikawa Airport,AS,JP,Higashikagura,yes,RJEC,AKJ
medium_airport,Okushiri Airport,AS,JP,Okushiri Island,yes,RJEO,OIR
medium_airport,Tacoma Narrows Airport,NA,US,Tacoma,yes,KTIW,TIW
medium_airport,Fukue Airport,AS,JP,Goto,yes,RJFE,FUJ
large_airport,Fukuoka Airport,AS,JP,Fukuoka,yes,RJFF,FUK
medium_airport,New Tanegashima Airport,AS,JP,Tanegashima,yes,RJFG,TNE
large_airport,Kagoshima Airport,AS,JP,Kagoshima,yes,RJFK,KOJ
medium_airport,Miyazaki Airport,AS,JP,Miyazaki,yes,RJFM,KMI
medium_airport,Oita Airport,AS,JP,Oita,yes,RJFO,OIT
medium_airport,Kitakyushu Airport,AS,JP,Kitakyushu,yes,RJFR,KKJ
medium_airport,Saga Airport,AS,JP,Saga,yes,RJFS,HSG
medium_airport,Kumamoto Airport,AS,JP,Kumamoto,yes,RJFT,KMJ
medium_airport,Nagasaki Airport,AS,JP,Nagasaki,yes,RJFU,NGS
large_airport,Chubu Centrair International Airport,AS,JP,Tokoname,yes,RJGG,NGO
medium_airport,Amami Airport,AS,JP,Amami,yes,RJKA,ASJ
medium_airport,Okinoerabu Airport,AS,JP,Wadomari,yes,RJKB,OKE
medium_airport,Kikai Airport,AS,JP,Kikai,yes,RJKI,KKX
medium_airport,Tokunoshima Airport,AS,JP,Amagi,yes,RJKN,TKN
medium_airport,Nagoya Airport / JASDF Komaki Air Base,AS,JP,Nagoya,yes,RJNA,NKM
medium_airport,Komatsu Airport / JASDF Komatsu Air Base,AS,JP,Kanazawa,yes,RJNK,KMQ
medium_airport,Oki Global Geopark Airport,AS,JP,Okinoshima,yes,RJNO,OKI
medium_airport,Mount Fuji Shizuoka Airport,AS,JP,Makinohara / Shimada,yes,RJNS,FSZ
medium_airport,Toyama Airport,AS,JP,Toyama,yes,RJNT,TOY
medium_airport,Noto Satoyama Airport,AS,JP,Wajima,yes,RJNW,NTQ
medium_airport,Hiroshima Airport,AS,JP,Hiroshima,yes,RJOA,HIJ
medium_airport,Okayama Momotaro Airport,AS,JP,Okayama,yes,RJOB,OKJ
medium_airport,Izumo Enmusubi Airport,AS,JP,Izumo,yes,RJOC,IZO
medium_airport,Yonago Kitaro Airport / JASDF Miho Air Base,AS,JP,Yonago,yes,RJOH,YGJ
medium_airport,Iwakuni Kintaikyo Airport / Marine Corps Air Station Iwakuni,AS,JP,Iwakuni,yes,RJOI,IWK
medium_airport,Kochi Ryoma Airport,AS,JP,Nankoku,yes,RJOK,KCZ
medium_airport,Matsuyama Airport,AS,JP,Matsuyama,yes,RJOM,MYJ
large_airport,Osaka International Airport,AS,JP,Osaka,yes,RJOO,ITM
medium_airport,Tottori Sand Dunes Conan Airport,AS,JP,Tottori,yes,RJOR,TTJ
medium_airport,Tokushima Awaodori Airport / JMSDF Tokushima Air Base,AS,JP,Tokushima,yes,RJOS,TKS
medium_airport,Takamatsu Airport,AS,JP,Takamatsu,yes,RJOT,TAK
medium_airport,Iwami Airport,AS,JP,Masuda,yes,RJOW,IWJ
medium_airport,Aomori Airport,AS,JP,Aomori,yes,RJSA,AOJ
medium_airport,Yamagata Airport,AS,JP,Higashine,yes,RJSC,GAJ
medium_airport,Sado Airport,AS,JP,Sado,yes,RJSD,SDS
medium_airport,Fukushima Airport,AS,JP,Sukagawa,yes,RJSF,FKS
medium_airport,Iwate Hanamaki Airport,AS,JP,Hanamaki,yes,RJSI,HNA
medium_airport,Akita Airport,AS,JP,Akita,yes,RJSK,AXT
medium_airport,Misawa Airport / Misawa Air Base,AS,JP,Misawa,yes,RJSM,MSJ
medium_airport,Niigata Airport,AS,JP,Niigata,yes,RJSN,KIJ
medium_airport,Odate Noshiro Airport,AS,JP,Kitaakita,yes,RJSR,ONJ
large_airport,Sendai Airport,AS,JP,Natori,yes,RJSS,SDJ
medium_airport,Shonai Airport,AS,JP,Shonai,yes,RJSY,SYO
medium_airport,Hachijojima Airport,AS,JP,Hachijojima,yes,RJTH,HAC
medium_airport,Oshima Airport,AS,JP,Izu Oshima,yes,RJTO,OIM
medium_airport,Miyakejima Airport,AS,JP,Miyakejima,yes,RJTQ,MYE
large_airport,Tokyo Haneda International Airport,AS,JP,Tokyo,yes,RJTT,HND
large_airport,Muan International Airport,AS,KR,Muan (Piseo-ri),yes,RKJB,MWX
medium_airport,Gwangju Airport,AS,KR,Gwangju,yes,RKJJ,KWJ
medium_airport,Gunsan Airport / Gunsan Air Base,AS,KR,Gunsan,yes,RKJK,KUV
medium_airport,Yeosu Airport,AS,KR,Yeosu,yes,RKJY,RSU
medium_airport,Wonju Airport / Hoengseong Air Base (K-38/K-46),AS,KR,Wonju,yes,RKNW,WJU
medium_airport,Yangyang International Airport,AS,KR,Gonghang-ro,yes,RKNY,YNY
large_airport,Jeju International Airport,AS,KR,Jeju City,yes,RKPC,CJU
large_airport,Gimhae International Airport,AS,KR,Busan,yes,RKPK,PUS
medium_airport,Sacheon Airport / Sacheon Air Base,AS,KR,Sacheon,yes,RKPS,HIN
medium_airport,Ulsan Airport,AS,KR,Ulsan,yes,RKPU,USN
large_airport,Incheon International Airport,AS,KR,Seoul,yes,RKSI,ICN
large_airport,Gimpo International Airport,AS,KR,Seoul,yes,RKSS,GMP
medium_airport,Pohang Airport (G-815/K-3),AS,KR,Pohang,yes,RKTH,KPO
medium_airport,Daegu Airport,AS,KR,Daegu,yes,RKTN,TAE
medium_airport,Cheongju International Airport/Cheongju Air Base (K-59/G-513),AS,KR,Cheongju,yes,RKTU,CJJ
medium_airport,New Ishigaki Airport,AS,JP,Ishigaki,yes,ROIG,ISG
medium_airport,Kumejima Airport,AS,JP,Kumejima,yes,ROKJ,UEO
medium_airport,Minamidaito Airport,AS,JP,Minamidaito,yes,ROMD,MMD
medium_airport,Miyako Airport,AS,JP,Miyakojima,yes,ROMY,MMY
medium_airport,Kitadaito Airport,AS,JP,Kitadaitōjima,yes,RORK,KTD
medium_airport,Shimojishima Airport,AS,JP,Miyakojima,yes,RORS,SHI
medium_airport,Tarama Airport,AS,JP,Tarama,yes,RORT,TRA
medium_airport,Yoron Airport,AS,JP,Yoron,yes,RORY,RNJ
medium_airport,Yonaguni Airport,AS,JP,Yonaguni,yes,ROYN,OGN
medium_airport,Subic Bay International Airport / Naval Air Station Cubi Point,AS,PH,Olongapo,yes,RPLB,SFS
medium_airport,Clark International Airport / Clark Air Base,AS,PH,Mabalacat,yes,RPLC,CRK
medium_airport,Laoag International Airport,AS,PH,Laoag City,yes,RPLI,LAO
medium_airport,Bicol International Airport,AS,PH,Legazpi,yes,RPLK,DRP
large_airport,Ninoy Aquino International Airport,AS,PH,Manila (Pasay),yes,RPLL,MNL
medium_airport,Cotabato (Awang) Airport,AS,PH,Datu Odin Sinsuat,yes,RPMC,CBO
large_airport,Francisco Bangoy International Airport,AS,PH,Davao,yes,RPMD,DVO
medium_airport,Bancasi Airport,AS,PH,Butuan,yes,RPME,BXU
medium_airport,Dipolog Airport,AS,PH,Dipolog,yes,RPMG,DPL
medium_airport,Camiguin Airport,AS,PH,Mambajao,yes,RPMH,CGM
medium_airport,Jolo Airport,AS,PH,Jolo,yes,RPMJ,JOL
medium_airport,Sanga Sanga Airport,AS,PH,Bongao,yes,RPMN,TWT
medium_airport,Labo Airport,AS,PH,Ozamiz,yes,RPMO,OZC
medium_airport,Pagadian Airport,AS,PH,Pagadian,yes,RPMP,PAG
medium_airport,General Santos International Airport,AS,PH,General Santos,yes,RPMR,GES
medium_airport,Laguindingan International Airport,AS,PH,Laguindingan,yes,RPMY,CGY
medium_airport,Zamboanga International Airport,AS,PH,Zamboanga,yes,RPMZ,ZAM
medium_airport,Bohol-Panglao International Airport,AS,PH,Panglao,yes,RPSP,TAG
medium_airport,Loakan Airport,AS,PH,Baguio,yes,RPUB,BAG
medium_airport,San Jose Airport,AS,PH,San Jose,yes,RPUH,SJI
medium_airport,Naga Airport,AS,PH,Naga,yes,RPUN,WNP
medium_airport,Basco Airport,AS,PH,Basco,yes,RPUO,BSO
medium_airport,Tuguegarao Airport,AS,PH,Tuguegarao City,yes,RPUT,TUG
medium_airport,Virac Airport,AS,PH,Virac,yes,RPUV,VRC
medium_airport,Cauayan Airport,AS,PH,Cauayan City,yes,RPUY,CYZ
medium_airport,Daniel Z. Romualdez Airport,AS,PH,Tacloban City,yes,RPVA,TAC
medium_airport,Bacolod-Silay Airport,AS,PH,Bacolod City,yes,RPVB,BCD
medium_airport,Calbayog Airport,AS,PH,Calbayog City,yes,RPVC,CYP
medium_airport,Sibulan Airport,AS,PH,Dumaguete City,yes,RPVD,DGT
medium_airport,Godofredo P. Ramos Airport,AS,PH,Caticlan,yes,RPVE,MPH
medium_airport,Catarman National Airport,AS,PH,Catarman,yes,RPVF,CRM
medium_airport,Iloilo International Airport,AS,PH,Cabatuan,yes,RPVI,ILO
medium_airport,Moises R. Espinosa Airport,AS,PH,Masbate,yes,RPVJ,MBT
medium_airport,Kalibo International Airport,AS,PH,Kalibo,yes,RPVK,KLO
large_airport,Mactan Cebu International Airport,AS,PH,Lapu-Lapu City,yes,RPVM,CEB
medium_airport,Puerto Princesa International Airport / PAF Antonio Bautista Air Base,AS,PH,Puerto Princesa,yes,RPVP,PPS
medium_airport,Roxas Airport,AS,PH,Roxas City,yes,RPVR,RXS
medium_airport,Tugdan Airport,AS,PH,Tablas Island,yes,RPVU,TBH
medium_airport,Francisco B. Reyes (Busuanga) Airport,AS,PH,Coron,yes,RPVV,USU
medium_airport,Red Sea International Airport,AS,SA,Hanak,yes,,RSI
medium_airport,Yeysk Airport,EU,RU,Yeysk,yes,,EIK
medium_airport,General Urquiza Airport,SA,AR,Parana,yes,SAAP,PRA
medium_airport,Rosario Islas Malvinas International Airport,SA,AR,Rosario,yes,SAAR,ROS
medium_airport,Sauce Viejo Airport,SA,AR,Santa Fe,yes,SAAV,SFN
large_airport,Jorge Newbery Airpark,SA,AR,Buenos Aires,yes,SABE,AEP
medium_airport,Ingeniero Ambrosio Taravella Airport,SA,AR,Cordoba,yes,SACO,COR
large_airport,Minister Pistarini International Airport,SA,AR,Buenos Aires (Ezeiza),yes,SAEZ,EZE
medium_airport,El Plumerillo Airport,SA,AR,Mendoza,yes,SAME,MDZ
medium_airport,Suboficial Ay Santiago Germano Airport,SA,AR,San Rafael,yes,SAMR,AFA
medium_airport,Coronel Felipe Varela International Airport,SA,AR,Catamarca,yes,SANC,CTC
medium_airport,Vicecomodoro Angel D. La Paz Aragonés Airport,SA,AR,Santiago del Estero,yes,SANE,SDE
medium_airport,Capitan V A Almonacid Airport,SA,AR,La Rioja,yes,SANL,IRJ
medium_airport,Termas de Río Hondo international Airport,SA,AR,Termas de Río Hondo,yes,SANR,RHD
medium_airport,Teniente Benjamin Matienzo Airport,SA,AR,San Miguel de Tucumán,yes,SANT,TUC
medium_airport,Domingo Faustino Sarmiento Airport,SA,AR,San Juan,yes,SANU,UAQ
medium_airport,Brigadier Mayor D Cesar Raul Ojeda Airport,SA,AR,San Luis,yes,SAOU,LUQ
medium_airport,Corrientes Airport,SA,AR,Corrientes,yes,SARC,CNQ
medium_airport,Resistencia International Airport,SA,AR,Resistencia,yes,SARE,RES
medium_airport,Formosa National Airport,SA,AR,Formosa,yes,SARF,FMA
medium_airport,Cataratas Del Iguazú International Airport,SA,AR,Puerto Iguazu,yes,SARI,IGR
medium_airport,Libertador Gral D Jose De San Martin Airport,SA,AR,Posadas,yes,SARP,PSS
medium_airport,Martin Miguel De Guemes International Airport,SA,AR,Salta,yes,SASA,SLA
medium_airport,Gobernador Horacio Guzman International Airport,SA,AR,San Salvador de Jujuy,yes,SASJ,JUJ
medium_airport,Esquel Brigadier Antonio Parodi International Airport,SA,AR,Esquel,yes,SAVE,EQS
medium_airport,Las Heras Airport,SA,AR,Las Heras,yes,SAVH,LHS
medium_airport,Almirante Marco Andres Zar Airport,SA,AR,Rawson,yes,SAVT,REL
medium_airport,Gobernador Castello Airport,SA,AR,Viedma / Carmen de Patagones,yes,SAVV,VDM
medium_airport,El Tehuelche Airport,SA,AR,Puerto Madryn,yes,SAVY,PMY
medium_airport,El Calafate - Commander Armando Tola International Airport,SA,AR,El Calafate,yes,,FTE
medium_airport,Puerto Deseado Airport,SA,AR,Puerto Deseado,yes,SAWD,PUD
medium_airport,Gobernador Ramón Trejo Noel International Airport,SA,AR,Rio Grande,yes,SAWE,RGA
medium_airport,Piloto Civil N. Fernández Airport,SA,AR,Rio Gallegos,yes,SAWG,RGL
medium_airport,Ushuaia - Malvinas Argentinas International Airport,SA,AR,Ushuaia,yes,SAWH,USH
medium_airport,Perito Moreno Jalil Hamer Airport,SA,AR,Perito Moreno,yes,SAWP,PMQ
medium_airport,Comandante Espora Airport,SA,AR,Bahía Blanca,yes,SAZB,BHI
medium_airport,Santa Teresita Airport,SA,AR,Santa Teresita,yes,SAZL,SST
medium_airport,Presidente Peron Airport,SA,AR,Neuquen,yes,SAZN,NQN
medium_airport,Necochea Airport,SA,AR,Necochea,yes,SAZO,NEC
medium_airport,Santa Rosa Airport,SA,AR,Santa Rosa,yes,SAZR,RSA
medium_airport,San Carlos de Bariloche Airport,SA,AR,San Carlos de Bariloche,yes,SAZS,BRC
medium_airport,Aviador C. Campos Airport,SA,AR,Chapelco/San Martin de los Andes,yes,SAZY,CPC
medium_airport,Bauru/Arealva–Moussa Nakhal Tobias State Airport,SA,BR,Bauru,yes,SBAE,JTC
medium_airport,Araraquara Airport,SA,BR,Araraquara,yes,SBAQ,AQA
medium_airport,Aracaju - Santa Maria International Airport,SA,BR,Aracaju,yes,SBAR,AJU
medium_airport,Piloto Osvaldo Marques Dias Airport,SA,BR,Alta Floresta,yes,SBAT,AFL
medium_airport,Araçatuba Airport,SA,BR,Araçatuba,yes,SBAU,ARU
medium_airport,Romeu Zema Airport,SA,BR,Araxá,yes,SBAX,AAX
large_airport,Val de Cans/Júlio Cezar Ribeiro International Airport,SA,BR,Belém,yes,SBBE,BEL
large_airport,Presidente Juscelino Kubitschek International Airport,SA,BR,Brasília,yes,SBBR,BSB
medium_airport,Atlas Brasil Cantanhede Airport,SA,BR,Boa Vista,yes,SBBV,BVB
medium_airport,Coronel Adalberto Mendes da Silva Airport,SA,BR,Cascavel,yes,SBCA,CAC
large_airport,Tancredo Neves International Airport,SA,BR,Belo Horizonte,yes,SBCF,CNF
medium_airport,Campo Grande Airport,SA,BR,Campo Grande,yes,SBCG,CGR
medium_airport,Serafin Enoss Bertaso Airport,SA,BR,Chapecó,yes,SBCH,XAP
medium_airport,Carajás Airport,SA,BR,Parauapebas,yes,SBCJ,CKS
medium_airport,Forquilhinha - Criciúma  Airport,SA,BR,Criciúma,yes,,CCM
medium_airport,Bartolomeu Lisandro Airport,SA,BR,Campos dos Goytacazes,yes,SBCP,CAW
medium_airport,Corumbá International Airport,SA,BR,Corumbá,yes,SBCR,CMG
medium_airport,Afonso Pena Airport,SA,BR,Curitiba,yes,SBCT,CWB
medium_airport,Hugo Cantergiani Regional Airport,SA,BR,Caxias Do Sul,yes,SBCX,CXJ
medium_airport,Marechal Rondon Airport,SA,BR,Cuiabá,yes,SBCY,CGB
medium_airport,Cruzeiro do Sul Airport,SA,BR,Cruzeiro Do Sul,yes,SBCZ,CZS
medium_airport,Presidente Prudente Airport,SA,BR,Presidente Prudente,yes,SBDN,PPB
large_airport,Eduardo Gomes International Airport,SA,BR,Manaus,yes,SBEG,MAO
medium_airport,Cataratas International Airport,SA,BR,Foz do Iguaçu,yes,SBFI,IGU
large_airport,Hercílio Luz International Airport,SA,BR,Florianópolis,yes,SBFL,FLN
medium_airport,Fernando de Noronha Airport,SA,BR,Fernando de Noronha,yes,SBFN,FEN
large_airport,Pinto Martins International Airport,SA,BR,Fortaleza,yes,SBFZ,FOR
large_airport,Rio Galeão – Tom Jobim International Airport,SA,BR,Rio De Janeiro,yes,SBGL,GIG
medium_airport,Santa Genoveva Airport,SA,BR,Goiânia,yes,SBGO,GYN
large_airport,Guarulhos - Governador André Franco Montoro International Airport,SA,BR,São Paulo,yes,SBGR,GRU
medium_airport,Coronel Altino Machado Airport,SA,BR,Governador Valadares,yes,SBGV,GVR
medium_airport,Altamira Interstate Airport,SA,BR,Altamira,yes,SBHT,ATM
medium_airport,Itaituba Airport,SA,BR,Itaituba,yes,SBIH,ITB
medium_airport,Bahia - Jorge Amado Airport,SA,BR,Ilhéus,yes,SBIL,IOS
medium_airport,Usiminas Airport,SA,BR,Ipatinga,yes,SBIP,IPN
medium_airport,Prefeito Renato Moreira Airport,SA,BR,Imperatriz,yes,SBIZ,IMP
medium_airport,Comandante Ariston Pessoa Airport,SA,BR,Cruz,yes,SBJE,JJD
medium_airport,Francisco de Assis Airport,SA,BR,Juiz de Fora,yes,SBJF,JDF
medium_airport,Presidente Castro Pinto International Airport,SA,BR,João Pessoa,yes,SBJP,JPA
medium_airport,Lauro Carneiro de Loyola Airport,SA,BR,Joinville,yes,SBJV,JOI
medium_airport,Presidente João Suassuna Airport,SA,BR,Campina Grande,yes,SBKG,CPV
medium_airport,Viracopos International Airport,SA,BR,Campinas,yes,SBKP,VCP
medium_airport,Lages Airport,SA,BR,Lages,yes,SBLJ,LAJ
medium_airport,Governor José Richa Airport,SA,BR,Londrina,yes,SBLO,LDB
medium_airport,Regional de Maringá - Sílvio Name Júnior Airport,SA,BR,Maringá,yes,SBMG,MGF
medium_airport,Mário Ribeiro Airport,SA,BR,Montes Claros,yes,SBMK,MOC
medium_airport,Frank Miloye Milenkowichi–Marília State Airport,SA,BR,Marília,yes,SBML,MII
medium_airport,Zumbi dos Palmares Airport,SA,BR,Maceió,yes,SBMO,MCZ
medium_airport,Macapá - Alberto Alcolumbre International Airport,SA,BR,Macapá,yes,SBMQ,MCP
medium_airport,Dix-Sept Rosado Airport,SA,BR,Mossoró,yes,SBMS,MVF
medium_airport,Manicoré Airport,SA,BR,Manicoré,yes,SBMY,MNX
medium_airport,Ministro Victor Konder International Airport,SA,BR,Navegantes,yes,SBNF,NVT
medium_airport,Santo Ângelo Airport,SA,BR,Santo Ângelo,yes,SBNM,GEL
medium_airport,Salgado Filho International Airport,SA,BR,Porto Alegre,yes,SBPA,POA
medium_airport,Parnaíba - Prefeito Doutor João Silva Filho International Airport,SA,BR,Parnaíba,yes,SBPB,PHB
medium_airport,Lauro Kurtz Airport,SA,BR,Passo Fundo,yes,SBPF,PFB
medium_airport,Ponta Grossa Airport - Comandante Antonio Amilton Beraldo,SA,BR,Ponta Grossa,yes,SBPG,PGZ
medium_airport,Brigadeiro Lysias Rodrigues Airport,SA,BR,Palmas,yes,SBPJ,PMW
medium_airport,João Simões Lopes Neto International Airport,SA,BR,Pelotas,yes,SBPK,PET
medium_airport,Senador Nilo Coelho Airport,SA,BR,Petrolina,yes,SBPL,PNZ
medium_airport,Ponta Porã Airport,SA,BR,Ponta Porã,yes,SBPP,PMG
large_airport,Porto Seguro Airport,SA,BR,Porto Seguro,yes,SBPS,BPS
medium_airport,Governador Jorge Teixeira de Oliveira Airport,SA,BR,Porto Velho,yes,SBPV,PVH
medium_airport,Rio Branco-Plácido de Castro International Airport,SA,BR,Rio Branco,yes,SBRB,RBR
medium_airport,Maestro Marinho Franco Airport,SA,BR,Rondonópolis,yes,SBRD,ROO
medium_airport,Recife/Guararapes - Gilberto Freyre International Airport,SA,BR,Recife,yes,SBRF,REC
medium_airport,Santos Dumont Airport,SA,BR,Rio de Janeiro,yes,SBRJ,SDU
medium_airport,Leite Lopes Airport,SA,BR,Ribeirão Preto,yes,SBRP,RAO
medium_airport,São Gonçalo do Amarante - Governador Aluízio Alves International Airport,SA,BR,Natal,yes,,NAT
medium_airport,Professor Urbano Ernesto Stumpf Airport,SA,BR,São José Dos Campos,yes,SBSJ,SJK
medium_airport,Marechal Cunha Machado International Airport,SA,BR,São Luís,yes,SBSL,SLZ
medium_airport,Santa Maria Airport,SA,BR,Santa Maria,yes,SBSM,RIA
medium_airport,Santarém - Maestro Wilson Fonseca International Airport,SA,BR,Santarém,yes,SBSN,STM
medium_airport,Congonhas Airport,SA,BR,São Paulo,yes,SBSP,CGH
medium_airport,Prof. Eribelto Manoel Reino State Airport,SA,BR,São José do Rio Preto,yes,SBSR,SJP
large_airport,Deputado Luiz Eduardo Magalhães International Airport,SA,BR,Salvador,yes,SBSV,SSA
medium_airport,Trombetas Airport,SA,BR,Oriximiná,yes,SBTB,TMT
medium_airport,Senador Petrônio Portela Airport,SA,BR,Teresina,yes,SBTE,THE
medium_airport,Tefé Airport,SA,BR,Tefé,yes,SBTF,TFF
medium_airport,Tabatinga Airport,SA,BR,Tabatinga,yes,SBTT,TBT
medium_airport,Tucuruí Airport,SA,BR,Tucuruí,yes,SBTU,TUR
medium_airport,São Gabriel da Cachoeira Airport,SA,BR,São Gabriel da Cachoeira,yes,SBUA,SJL
medium_airport,Paulo Afonso Airport,SA,BR,Paulo Afonso,yes,SBUF,PAV
medium_airport,Rubem Berta Airport,SA,BR,Uruguaiana,yes,SBUG,URG
medium_airport,Ten. Cel. Aviador César Bombonato Airport,SA,BR,Uberlândia,yes,SBUL,UDI
medium_airport,Mário de Almeida Franco Airport,SA,BR,Uberaba,yes,SBUR,UBA
medium_airport,Brigadeiro Camarão Airport,SA,BR,Vilhena,yes,SBVH,BVH
large_airport,Eurico de Aguiar Salles Airport,SA,BR,Vitória,yes,SBVT,VIX
medium_airport,Presidente Itamar Franco Airport,SA,BR,Juiz de Fora,yes,SBZM,IZA
medium_airport,Chacalluta Airport,SA,CL,Arica,yes,SCAR,ARI
medium_airport,Desierto de Atacama Airport,SA,CL,Copiapo,yes,SCAT,CPO
medium_airport,Balmaceda Airport,SA,CL,Balmaceda,yes,SCBA,BBA
medium_airport,El Loa Airport,SA,CL,Calama,yes,SCCF,CJC
medium_airport,President Carlos Ibañez del Campo International Airport,SA,CL,Punta Arenas,yes,SCCI,PUQ
medium_airport,Diego Aracena Airport,SA,CL,Iquique,yes,SCDA,IQQ
large_airport,Comodoro Arturo Merino Benítez International Airport,SA,CL,Santiago,yes,SCEL,SCL
medium_airport,Ricardo García Posada Airport,SA,CL,El Salvador,yes,SCES,ESR
medium_airport,Andrés Sabella Gálvez International Airport,SA,CL,Antofagasta,yes,SCFA,ANF
medium_airport,Carriel Sur Airport,SA,CL,Concepcion,yes,SCIE,CCP
medium_airport,Mataveri Airport,SA,CL,Isla De Pascua,yes,SCIP,IPC
medium_airport,Cañal Bajo Carlos Hott Siebert Airport,SA,CL,Osorno,yes,SCJO,ZOS
medium_airport,Lieutenant Julio Gallardo Airport,SA,CL,Puerto Natales,yes,SCNT,PNT
medium_airport,La Araucanía Airport,SA,CL,Temuco,yes,SCQP,ZCO
medium_airport,La Florida Airport,SA,CL,La Serena-Coquimbo,yes,SCSE,LSC
medium_airport,El Tepual Airport,SA,CL,Puerto Montt,yes,SCTE,PMC
medium_airport,Pichoy Airport,SA,CL,Valdivia,yes,SCVD,ZAL
medium_airport,Francisco De Orellana Airport,SA,EC,Coca,yes,SECO,OCC
medium_airport,Mariscal Lamar Airport,SA,EC,Cuenca,yes,SECU,CUE
large_airport,José Joaquín de Olmedo International Airport,SA,EC,Guayaquil,yes,SEGU,GYE
medium_airport,Cotopaxi International Airport,SA,EC,Latacunga,yes,,LTX
medium_airport,Coronel E Carvajal Airport,SA,EC,Macas,yes,SEMC,XMS
medium_airport,Eloy Alfaro International Airport,SA,EC,Manta,yes,SEMT,MEC
large_airport,Mariscal Sucre International Airport,SA,EC,Quito,yes,SEQM,UIO
medium_airport,Santa Rosa - Artillery Colonel Victor Larrea International Airport,SA,EC,Santa Rosa,yes,SERO,ETR
medium_airport,Carlos Concha Torres International Airport,SA,EC,Tachina,yes,SETN,ESM
medium_airport,Lieutenant Colonel Luis A. Mantilla International Airport,SA,EC,Tulcán,yes,SETU,TUA
medium_airport,Port Stanley Airport,SA,FK,Stanley,yes,SFAL,PSY
large_airport,Aeropuerto Internacional Silvio Pettirossi,SA,PY,Asunción,yes,SGAS,ASU
large_airport,Aeropuerto Internacional Tte. Amín Ayub González,SA,PY,Encarnación,yes,SGEN,ENO
large_airport,Aeropuerto Internacional Guaraní,SA,PY,Ciudad del Este,yes,SGES,AGT
large_airport,Pyongyang Sunan International Airport,AS,KP,Pyongyang,yes,ZKPY,FNJ
medium_airport,El Eden Airport,SA,CO,Armenia,yes,SKAR,AXM
medium_airport,Tres De Mayo Airport,SA,CO,Puerto Asís,yes,SKAS,PUU
medium_airport,Palonegro Airport,SA,CO,Bucaramanga,yes,SKBG,BGA
large_airport,El Dorado International Airport,SA,CO,Bogota,yes,SKBO,BOG
medium_airport,Ernesto Cortissoz International Airport,SA,CO,Barranquilla,yes,SKBQ,BAQ
medium_airport,José Celestino Mutis Airport,SA,CO,Bahía Solano,yes,SKBS,BSC
medium_airport,Gerardo Tobar López Airport,SA,CO,Buenaventura,yes,SKBU,BUN
medium_airport,Camilo Daza International Airport,SA,CO,Cúcuta,yes,SKCC,CUC
medium_airport,Rafael Nuñez International Airport,SA,CO,Cartagena,yes,SKCG,CTG
medium_airport,Alfonso Bonilla Aragon International Airport,SA,CO,Cali,yes,SKCL,CLO
medium_airport,La Florida Airport,SA,CO,Tumaco,yes,SKCO,TCO
medium_airport,Las Brujas Airport,SA,CO,Corozal,yes,SKCZ,CZU
medium_airport,Yariguíes Airport,SA,CO,Barrancabermeja,yes,SKEJ,EJA
medium_airport,Gustavo Artunduaga Paredes Airport,SA,CO,Florencia,yes,SKFL,FLA
small_airport,La Gaviota Airport,SA,CO,,no,SKGA,LGT
medium_airport,Juan Casiano Airport,SA,CO,Guapi,yes,SKGP,GPI
medium_airport,Perales Airport,SA,CO,Ibagué,yes,SKIB,IBE
medium_airport,San Luis Airport,SA,CO,Ipiales,yes,SKIP,IPI
medium_airport,Antonio Roldán Betancur Airport,SA,CO,Carepa,yes,SKLC,APO
medium_airport,Alfredo Vásquez Cobo International Airport,SA,CO,Leticia,yes,SKLT,LET
medium_airport,Enrique Olaya Herrera Airport,SA,CO,Medellín,yes,SKMD,EOH
medium_airport,Los Garzones Airport,SA,CO,Montería,yes,SKMR,MTR
medium_airport,Fabio Alberto Leon Bentley Airport,SA,CO,Mitú,yes,SKMU,MVP
medium_airport,La Nubia Airport,SA,CO,Manizales,yes,SKMZ,MZL
medium_airport,Benito Salas Airport,SA,CO,Neiva,yes,SKNV,NVA
medium_airport,German Olano Airport,SA,CO,Puerto Carreño,yes,SKPC,PCR
medium_airport,Obando Cesar Gaviria Trujillo Airport,SA,CO,Puerto Inírida,yes,SKPD,PDA
medium_airport,Matecaña International Airport,SA,CO,Pereira,yes,SKPE,PEI
medium_airport,Guillermo León Valencia Airport,SA,CO,Popayán,yes,SKPP,PPN
medium_airport,Antonio Nariño Airport,SA,CO,Chachagüí,yes,SKPS,PSO
medium_airport,El Embrujo Airport,NA,CO,Providencia,yes,SKPV,PVA
medium_airport,Jose Maria Córdova International Airport,SA,CO,Medellín,yes,SKRG,MDE
medium_airport,Almirante Padilla Airport,SA,CO,Riohacha,yes,SKRH,RCH
medium_airport,Jorge E. Gonzalez Torres Airport,SA,CO,San José Del Guaviare,yes,SKSJ,SJE
medium_airport,Simón Bolívar International Airport,SA,CO,Santa Marta,yes,SKSM,SMR
medium_airport,Gustavo Rojas Pinilla International Airport,NA,CO,San Andrés,yes,SKSP,ADZ
medium_airport,Eduardo Falla Solano Airport,SA,CO,San Vicente Del Caguán,yes,SKSV,SVI
medium_airport,Gustavo Vargas Airport,SA,CO,Tame,yes,SKTM,TME
medium_airport,Santiago Perez Airport,SA,CO,Arauca,yes,SKUC,AUC
medium_airport,El Caraño Airport,SA,CO,Quibdó,yes,SKUI,UIB
medium_airport,Vanguardia Airport,SA,CO,Villavicencio,yes,SKVV,VVC
medium_airport,El Alcaravan - Yopal Airport,SA,CO,Yopal,yes,SKYP,EYP
medium_airport,Alcantarí Airport,SA,BO,Yamparaez,yes,,SRE
medium_airport,Jorge Wilsterman International Airport,SA,BO,Cochabamba,yes,SLCB,CBB
medium_airport,Capitán Aníbal Arab Airport,SA,BO,Cobija,yes,SLCO,CIJ
medium_airport,El Trompillo Airport,SA,BO,Santa Cruz,yes,SLET,SRZ
medium_airport,Guayaramerín Airport,SA,BO,Guayaramerín,yes,,GYA
medium_airport,El Alto International Airport,SA,BO,La Paz / El Alto,yes,SLLP,LPB
medium_airport,Capitán Av. Salvador Ogaya G. airport,SA,BO,Puerto Suárez,yes,SLPS,PSZ
medium_airport,Kilimanjaro International Airport,AF,TZ,Arusha,yes,HTKJ,JRO
medium_airport,Capitán Av. Selin Zeitun Lopez Airport,SA,BO,Riberalta,yes,SLRI,RIB
large_airport,Viru Viru International Airport,SA,BO,Santa Cruz,yes,SLVR,VVI
large_airport,Johan Adolf Pengel International Airport,SA,SR,Zandery,yes,SMJP,PBM
medium_airport,Dr. Luciano de Arruda Coelho Regional Airport,SA,BR,Sobral,yes,,JSO
medium_airport,Cap FAP David Abenzur Rengifo International Airport,SA,PE,Pucallpa,yes,SPCL,PCL
medium_airport,FAP Lieutenant Jaime Andres de Montreuil Morales Airport,SA,PE,Chimbote,yes,SPEO,CHM
small_airport,Chagual Airport,SA,PE,,no,SPGL,CGL
medium_airport,Air Force Captain Jose A Quinones Gonzales International Airport,SA,PE,Chiclayo,yes,SPHI,CIX
medium_airport,Air Force Colonel Alfredo Mendivil Duarte Airport,SA,PE,Ayacucho,yes,SPHO,AYP
large_airport,Jorge Chávez International Airport,SA,PE,Lima,yes,SPJC,LIM
medium_airport,Shumba Airport,SA,PE,Jaén,yes,SPJE,JAE
medium_airport,Francisco Carle Airport,SA,PE,Jauja,yes,SPJJ,JAU
medium_airport,Inca Manco Capac International Airport,SA,PE,Juliaca,yes,SPJL,JUL
medium_airport,Mayor General FAP Armando Revoredo Iglesias Airport,SA,PE,Cajamarca,yes,SPJR,CJA
medium_airport,General Jorge Fernandez Maldon Airport,SA,PE,Ilo,yes,SPLO,ILQ
medium_airport,Captain Pedro Canga Rodríguez International Airport,SA,PE,Tumbes,yes,SPME,TBP
medium_airport,Moises Benzaquen Rengifo Airport,SA,PE,Yurimaguas,yes,SPMS,YMS
medium_airport,Alferez Fap David Figueroa Fernandini Airport,SA,PE,Huánuco,yes,SPNC,HUU
medium_airport,Chachapoyas Airport,SA,PE,Chachapoyas,yes,SPPY,CHH
medium_airport,Coronel FAP Francisco Secada Vignetta International Airport,SA,PE,Iquitos,yes,SPQT,IQT
medium_airport,Rodríguez Ballón International Airport,SA,PE,Arequipa,yes,SPQU,AQP
medium_airport,Capitan FAP Carlos Martinez De Pinillos International Airport,SA,PE,Trujillo,yes,SPRU,TRU
medium_airport,Cadete FAP Guillermo Del Castillo Paredes Airport,SA,PE,Tarapoto,yes,SPST,TPP
medium_airport,Coronel FAP Carlos Ciriani Santa Rosa International Airport,SA,PE,Tacna,yes,SPTN,TCQ
medium_airport,Padre Aldamiz International Airport,SA,PE,Puerto Maldonado,yes,SPTU,PEM
medium_airport,Capitán FAP Guillermo Concha Iberico International Airport,SA,PE,Piura,yes,SPUR,PIU
medium_airport,Captain Victor Montes Arias International Airport,SA,PE,Talara,yes,SPYL,TYL
medium_airport,Maria Reiche Neuman Airport,SA,PE,Nazca,yes,SPZA,NZC
large_airport,Alejandro Velasco Astete International Airport,SA,PE,Cusco,yes,SPZO,CUZ
medium_airport,Capitan Corbeta CA Curbelo International Airport,SA,UY,Punta del Este,yes,SULS,PDP
large_airport,Carrasco General Cesáreo L. Berisso International Airport,SA,UY,Ciudad de la Costa,yes,SUMU,MVD
large_airport,General José Antonio Anzoategui International Airport,SA,VE,Barcelona,yes,SVBC,BLA
medium_airport,Barinas Airport,SA,VE,Barinas,yes,SVBI,BNS
medium_airport,Barquisimeto International Airport,SA,VE,Barquisimeto,yes,SVBM,BRM
medium_airport,Tongliao Airport,AS,CN,Tongliao,yes,ZBTL,TGO
medium_airport,Jaime Gonzalez Airport,NA,CU,Cienfuegos,yes,MUCF,CFG
medium_airport,General Francisco Bermúdez Airport,SA,VE,Carúpano,yes,SVCP,CUP
medium_airport,José Leonardo Chirinos Airport,SA,VE,Coro,yes,SVCR,CZE
medium_airport,Cumaná (Antonio José de Sucre) Airport,SA,VE,,yes,SVCU,CUM
medium_airport,Zhangjiakou Ningyuan Airport,AS,CN,Zhangjiakou,yes,ZBZJ,ZQZ
medium_airport,Changde Taohuayuan Airport,AS,CN,Changde (Dingcheng),yes,ZGCD,CGD
medium_airport,Josefa Camejo International Airport,SA,VE,Paraguaná,yes,SVJC,LSP
large_airport,Guangzhou Baiyun International Airport,AS,CN,Guangzhou (Huadu),yes,ZGGG,CAN
medium_airport,La Chinita International Airport,SA,VE,Maracaibo,yes,SVMC,MAR
medium_airport,Del Caribe Santiago Mariño International Airport,SA,VE,Isla Margarita,yes,SVMG,PMV
large_airport,Maiquetía Simón Bolívar International Airport,SA,VE,Maiquetía,yes,SVMI,CCS
medium_airport,José Tadeo Monagas International Airport,SA,VE,Maturín,yes,SVMT,MUN
medium_airport,General Manuel Carlos Piar International Airport,SA,VE,Puerto Ordaz-Ciudad Guayana,yes,SVPR,PZO
medium_airport,San Antonio Del Tachira Airport,SA,VE,,yes,SVSA,SVZ
medium_airport,Waimea Kohala Airport,OC,US,Waimea (Kamuela),yes,PHMU,MUE
medium_airport,San Tomé Airport,SA,VE,El Tigre,yes,SVST,SOM
medium_airport,Arturo Michelena International Airport,SA,VE,Valencia,yes,SVVA,VLN
medium_airport,Juan Pablo Pérez Alfonso Airport,SA,VE,El Vigía,yes,SVVG,VIG
medium_airport,Dr. Antonio Nicolás Briceño Airport,SA,VE,Valera,yes,SVVL,VLV
medium_airport,Shennongjia Hongping Airport,AS,CN,Shennongjia (Hongping),yes,ZHSN,HPG
medium_airport,Sir Abubakar Tafawa Balewa International Airport,AF,NG,Bauchi,yes,DNBC,BCU
medium_airport,Araguaína Airport,SA,BR,Araguaína,yes,SWGN,AUX
medium_airport,Cheddi Jagan International Airport,SA,GY,Georgetown,yes,SYCJ,GEO
medium_airport,Eugene F. Correia International Airport,SA,GY,Ogle,yes,,OGL
medium_airport,Kaieteur International Airport,SA,GY,Kaieteur Falls,yes,SYKA,KAI
medium_airport,Lethem Airport,SA,GY,Lethem,yes,SYLT,LTM
medium_airport,V C Bird International Airport,NA,AG,Osbourn,yes,TAPA,ANU
medium_airport,Codrington Airport,NA,AG,Codrington,yes,TAPH,BBQ
medium_airport,Grantley Adams International Airport,NA,BB,Bridgetown,yes,TBPB,BGI
medium_airport,Canefield Airport,NA,DM,Canefield,yes,TDCF,DCF
medium_airport,Douglas-Charles Airport,NA,DM,Marigot,yes,TDPD,DOM
large_airport,Martinique Aimé Césaire International Airport,NA,MQ,Fort-de-France,yes,TFFF,FDF
medium_airport,Grand Case-l'Espérance Airport,NA,MF,Grand Case,yes,TFFG,SFG
medium_airport,Saint Barthélemy - Gustaf III Airport,NA,BL,Gustavia,yes,TFFJ,SBH
medium_airport,Marie-Galante Airport,NA,GP,Grand-Bourg,yes,TFFM,GBJ
large_airport,Guadeloupe - Maryse Condé International Airport,NA,GP,Pointe-à-Pitre,yes,TFFR,PTP
medium_airport,Maurice Bishop International Airport,NA,GD,Saint George's,yes,TGPY,GND
medium_airport,Cyril E. King Airport,NA,VI,Charlotte Amalie,yes,TIST,STT
medium_airport,Henry E Rohlsen Airport,NA,VI,Christiansted,yes,TISX,STX
medium_airport,Rafael Hernández International Airport,NA,PR,Aguadilla,yes,TJBQ,BQN
medium_airport,Benjamin Rivera Noriega Airport,NA,PR,Culebra,yes,TJCP,CPX
medium_airport,Fernando Luis Ribas Dominicci Airport,NA,PR,San Juan,yes,TJIG,SIG
medium_airport,Eugenio Maria De Hostos Airport,NA,PR,Mayaguez,yes,TJMZ,MAZ
medium_airport,Mercedita Airport,NA,PR,Ponce,yes,TJPS,PSE
medium_airport,José Aponte de la Torre Airport,NA,PR,Ceiba,yes,TJRV,NRR
large_airport,Luis Munoz Marin International Airport,NA,PR,San Juan,yes,TJSJ,SJU
medium_airport,Antonio Rivera Rodriguez Airport,NA,PR,Vieques,yes,TJVQ,VQS
small_airport,Warrnambool Airport,OC,AU,,no,YWBL,WMB
medium_airport,Robert L. Bradshaw International Airport,NA,KN,Basseterre,yes,TKPK,SKB
medium_airport,Vance W. Amory International Airport,NA,KN,Charlestown,yes,TKPN,NEV
medium_airport,George F. L. Charles Airport,NA,LC,Castries,yes,TLPC,SLU
large_airport,Hewanorra International Airport,NA,LC,Vieux Fort,yes,TLPL,UVF
large_airport,Queen Beatrix International Airport,NA,AW,Oranjestad,yes,TNCA,AUA
large_airport,Flamingo International Airport,NA,BQ,Kralendijk,yes,TNCB,BON
large_airport,Hato International Airport,NA,CW,Willemstad,yes,TNCC,CUR
large_airport,Princess Juliana International Airport,NA,SX,Sint Maarten,yes,TNCM,SXM
medium_airport,Juancho E. Yrausquin Airport,NA,BQ,Zion's Hill,yes,TNCS,SAB
medium_airport,Clayton J Lloyd International Airport,NA,AI,The Valley,yes,TQPF,AXA
medium_airport,John A. Osborne Airport,NA,MS,Gerald's Park,yes,TRPG,MNI
medium_airport,A.N.R. Robinson International Airport,NA,TT,Scarborough,yes,TTCP,TAB
medium_airport,Piarco International Airport,NA,TT,Port of Spain,yes,TTPP,POS
medium_airport,Terrance B. Lettsome International Airport,NA,VG,Beef Island,yes,TUPJ,EIS
medium_airport,Argyle International Airport,NA,VC,Kingstown,yes,TVSA,SVD
medium_airport,J F Mitchell Airport,NA,VC,Bequia,yes,TVSB,BQU
medium_airport,Canouan Airport,NA,VC,Canouan,yes,TVSC,CIW
medium_airport,Mustique Airport,NA,VC,Lovell,yes,TVSM,MQS
medium_airport,Union Island International Airport,NA,VC,Union Island,yes,TVSU,UNI
medium_airport,L.F. Wade International Airport,NA,BM,Hamilton,yes,TXKF,BDA
medium_airport,Balkhash Airport,AS,KZ,Balkhash,yes,UAAH,BXH
medium_airport,Taldykorgan Airport,AS,KZ,Taldykorgan,yes,,TDK
large_airport,Nursultan Nazarbayev International Airport,AS,KZ,Astana,yes,UACC,NQZ
medium_airport,Kokshetau Airport,AS,KZ,Kokshetau,yes,UACK,KOV
medium_airport,Petropavl Airport,AS,KZ,Petropavl,yes,UACP,PPK
medium_airport,Taraz Airport,AS,KZ,Taraz,yes,UADD,DMB
large_airport,Manas International Airport,AS,KG,Bishkek,yes,UCFM,BSZ
medium_airport,Osh Airport,AS,KG,Osh,yes,UCFO,OSS
medium_airport,Shymkent Airport,AS,KZ,Shymkent,yes,UAII,CIT
medium_airport,Hazrat Sultan International Airport,AS,KZ,Turkıstan,yes,UAIT,HSA
medium_airport,Zhezkazgan National Airport,AS,KZ,Zhezkazgan,yes,UAKD,DZN
medium_airport,Sary-Arka Airport,AS,KZ,Karaganda,yes,UAKK,KGF
medium_airport,Uralsk Airport,AS,KZ,Uralsk,yes,UARR,URA
medium_airport,Tours Val de Loire Airport,EU,FR,"Tours, Indre-et-Loire",yes,LFOT,TUF
medium_airport,Ust-Kamenogorsk Airport,AS,KZ,Ust-Kamenogorsk (Oskemen),yes,UASK,UKK
medium_airport,Pavlodar Airport,AS,KZ,Pavlodar,yes,UASP,PWQ
medium_airport,Semey Airport,AS,KZ,Semey,yes,UASS,PLX
medium_airport,Aktobe Airport,AS,KZ,Aktobe,yes,UATT,AKX
medium_airport,Kostanay West Airport,AS,KZ,Kostanay,yes,UAUU,KSN
large_airport,Heydar Aliyev International Airport,AS,AZ,Baku,yes,UBBB,GYD
medium_airport,Ganja International Airport,AS,AZ,Ganja,yes,UBBG,GNJ
medium_airport,Nakhchivan Airport,AS,AZ,Nakhchivan,yes,UBBN,NAJ
medium_airport,Gabala International Airport,AS,AZ,Gabala,yes,UBBQ,GBB
medium_airport,Issyk-Kul International Airport,AS,KG,Tamchy,yes,UCFL,IKU
medium_airport,Shirak International Airport,AS,AM,Gyumri,yes,UDSG,LWN
large_airport,Zvartnots International Airport,AS,AM,Yerevan,yes,UDYZ,EVN
medium_airport,Yakutsk Airport,AS,RU,Yakutsk,yes,UEEE,YKS
medium_airport,Chulman Airport,AS,RU,Neryungri,yes,UELL,NER
medium_airport,Moma Airport,AS,RU,Khonuu,yes,UEMA,MQJ
medium_airport,Olyokminsk Airport,AS,RU,Olyokminsk,yes,UEMO,OLZ
medium_airport,Ust-Nera Airport,AS,RU,Ust-Nera,yes,UEMT,USR
medium_airport,Vilyuisk Airport,AS,RU,Vilyuisk,yes,UENW,VYI
medium_airport,Lensk Airport,AS,RU,Lensk,yes,UERL,ULK
medium_airport,Polyarny Airport,AS,RU,Yakutia,yes,UERP,PYJ
medium_airport,Mirny Airport,AS,RU,Mirny,yes,UERR,MJZ
medium_airport,Saskylakh Airport,EU,RU,Saskylakh,yes,UERS,SYS
medium_airport,Srednekolymsk Airport,AS,RU,Srednekolymsk,yes,UESK,SEK
medium_airport,Chokurdakh Airport,AS,RU,Chokurdah,yes,UESO,CKH
medium_airport,Cherskiy Airport,AS,RU,Cherskiy,yes,UESS,CYX
medium_airport,Tiksi Airport,AS,RU,Tiksi,yes,UEST,IKS
medium_airport,Zyryanka Airport,AS,RU,Zyryanka,yes,UESU,ZKP
medium_airport,Zhigansk Airport,AS,RU,Zhigansk,yes,UEVV,ZIX
medium_airport,David the Builder Kutaisi International Airport,AS,GE,Kopitnari,yes,UGKO,KUT
medium_airport,Batumi International Airport,AS,GE,Batumi,yes,UGSB,BUS
large_airport,Tbilisi International Airport,AS,GE,Tbilisi,yes,UGTB,TBS
medium_airport,Ignatyevo Airport,AS,RU,Blagoveschensk,yes,UHBB,BQS
medium_airport,Khabarovsk Novy Airport,AS,RU,Khabarovsk,yes,UHHH,KHV
medium_airport,Komsomolsk-on-Amur Airport,AS,RU,Komsomolsk-on-Amur,yes,UHKK,KXK
medium_airport,Ugolny Yuri Ryktheu Airport,AS,RU,Anadyr,yes,UHMA,DYR
medium_airport,Keperveem Airport,AS,RU,Keperveem,yes,UHMK,KPW
medium_airport,Sokol Airport,AS,RU,Magadan,yes,UHMM,GDX
medium_airport,Pevek Airport,AS,RU,Apapelgino,yes,UHMP,PWE
medium_airport,Nikolayevsk-na-Amure Airport,AS,RU,Nikolayevsk-na-Amure Airport,yes,UHNN,NLI
medium_airport,Okhotsk Airport,AS,RU,Okhotsk,yes,UHOO,OHO
medium_airport,Yelizovo Airport,AS,RU,Petropavlovsk-Kamchatsky,yes,UHPP,PKC
medium_airport,Yuzhno-Sakhalinsk Airport,AS,RU,Yuzhno-Sakhalinsk,yes,UHSS,UUS
large_airport,Vladivostok International Airport,AS,RU,Artyom,yes,UHWW,VVO
medium_airport,Chita-Kadala International Airport,EU,RU,Chita,yes,UIAA,HTA
medium_airport,Bratsk Airport,AS,RU,Bratsk,yes,UIBB,BTK
medium_airport,Irkutsk International Airport,EU,RU,Irkutsk,yes,UIII,IKT
medium_airport,Ust-Kut Airport,AS,RU,Ust-Kut,yes,UITT,UKX
medium_airport,Baikal International Airport,EU,RU,Ulan Ude,yes,UIUU,UUD
large_airport,Boryspil International Airport,EU,UA,Boryspil,yes,UKBB,KBP
medium_airport,Mariupol International Airport,EU,UA,Mariupol,yes,UKCM,MPW
medium_airport,Dnipro International Airport,EU,UA,Dnipro,yes,UKDD,DNK
medium_airport,Zaporizhzhia International Airport,EU,UA,Zaporizhia,yes,UKDE,OZH
medium_airport,Kryvyi Rih International Airport,EU,UA,Kryvyi Rih,yes,UKDR,KWG
medium_airport,Simferopol International Airport,EU,UA,Simferopol,yes,UKFF,SIP
medium_airport,Kharkiv International Airport,EU,UA,Kharkiv,yes,UKHH,HRK
medium_airport,Ihor Sikorsky Kyiv International Airport (Zhuliany),EU,UA,Kyiv,yes,UKKK,IEV
medium_airport,Ivano-Frankivsk International Airport,EU,UA,Ivano-Frankivsk,yes,UKLI,IFO
large_airport,Lviv International Airport,EU,UA,Lviv,yes,UKLL,LWO
medium_airport,Chernivtsi International Airport,EU,UA,Chernivtsi,yes,UKLN,CWC
medium_airport,Rivne International Airport,EU,UA,Rivne,yes,UKLR,RWN
medium_airport,Uzhhorod International Airport,EU,UA,Uzhhorod,yes,UKLU,UDJ
medium_airport,Kherson International Airport,EU,UA,Kherson,yes,UKOH,KHE
medium_airport,Mykolaiv International Airport,EU,UA,Nikolayev,yes,UKON,NLV
medium_airport,Odessa International Airport,EU,UA,Odessa,yes,UKOO,ODS
medium_airport,Talagi Airport,EU,RU,Archangelsk,yes,ULAA,ARH
medium_airport,Naryan Mar Airport,EU,RU,Naryan Mar,yes,ULAM,NNM
medium_airport,Amderma Airport,AS,RU,Amderma,yes,ULDD,AMV
medium_airport,Kotlas Airport,EU,RU,Kotlas,yes,ULKK,KSZ
large_airport,Pulkovo Airport,EU,RU,St. Petersburg,yes,ULLI,LED
medium_airport,Murmansk Airport,EU,RU,Murmansk,yes,ULMM,MMK
medium_airport,Pskov Airport,EU,RU,Pskov,yes,ULOO,PKV
medium_airport,Petrozavodsk Airport,EU,RU,Petrozavodsk,yes,ULPB,PES
medium_airport,Cherepovets Airport,EU,RU,Cherepovets,yes,ULWC,CEE
medium_airport,Velikiy Ustyug Airport,AS,RU,Velikiy Ustyug,yes,ULWU,VUS
medium_airport,Brest Airport,EU,BY,Brest,yes,UMBB,BQT
medium_airport,Gomel Airport,EU,BY,Gomel,yes,UMGG,GME
medium_airport,Khrabrovo Airport,EU,RU,Kaliningrad,yes,UMKK,KGD
large_airport,Minsk National Airport,EU,BY,Minsk,yes,UMMS,MSQ
medium_airport,Mogilev Airport,EU,BY,Mogilev,yes,UMOO,MVQ
medium_airport,Abakan International Airport,AS,RU,Abakan,yes,UNAA,ABA
medium_airport,Barnaul Airport,AS,RU,Barnaul,yes,UNBB,BAX
medium_airport,Kemerovo Airport,AS,RU,Kemerovo,yes,UNEE,KEJ
medium_airport,Yeniseysk Airport,AS,RU,Yeniseysk,yes,UNII,EIE
medium_airport,Severo-Yeniseysk Airport,AS,RU,Severo-Yeniseysk,yes,,VEO
medium_airport,Vanavara Airport,AS,RU,Vanavara,yes,,VAQ
small_airport,Kodinsk Airport,AS,RU,,no,,KNY
large_airport,Krasnoyarsk International Airport,EU,RU,Krasnoyarsk,yes,UNKL,KJA
medium_airport,Krasnoyarsk Cheremshanka Airport,AS,RU,Krasnoyarsk,yes,,KCY
medium_airport,Kyzyl Airport,AS,RU,Kyzyl,yes,UNKY,KYZ
large_airport,Novosibirsk Tolmachevo Airport,EU,RU,Novosibirsk,yes,UNNT,OVB
medium_airport,Omsk Central Airport,AS,RU,Omsk,yes,UNOO,OMS
large_airport,Naha Airport / JASDF Naha Air Base,AS,JP,Naha,yes,ROAH,OKA
medium_airport,Bogashevo Airport,AS,RU,Tomsk,yes,UNTT,TOF
medium_airport,Spichenkovo Airport,EU,RU,Novokuznetsk,yes,UNWW,NOZ
medium_airport,Khatanga Airport,AS,RU,Khatanga,yes,UOHH,HTG
medium_airport,Igarka Airport,AS,RU,Igarka,yes,UOII,IAA
medium_airport,Norilsk-Alykel Airport,AS,RU,Norilsk,yes,UOOO,NSK
medium_airport,Anapa Vityazevo Airport,EU,RU,Krasnyi Kurgan,yes,URKA,AAQ
medium_airport,Gelendzhik Airport,EU,RU,Gelendzhik,yes,URKG,GDZ
medium_airport,Krasnodar Pashkovsky International Airport,EU,RU,Krasnodar,yes,URKK,KRR
medium_airport,Grozny Airport,EU,RU,Grozny,yes,URMG,GRV
medium_airport,Makhachkala Uytash International Airport,EU,RU,Makhachkala,yes,URML,MCX
medium_airport,Mineralnyye Vody Airport,EU,RU,Mineralnyye Vody,yes,URMM,MRV
medium_airport,Nalchik Airport,EU,RU,Nalchik,yes,URMN,NAL
medium_airport,Vladikavkaz Beslan International Airport,EU,RU,Beslan,yes,URMO,OGZ
medium_airport,Magas Airport,AS,RU,Sunzha,yes,URMS,IGT
medium_airport,Stavropol Shpakovskoye Airport,EU,RU,Stavropol,yes,URMT,STW
large_airport,Platov International Airport,EU,RU,Rostov-on-Don,yes,URRP,ROV
medium_airport,Taganrog Yuzhny Airport,EU,RU,Taganrog,yes,URRT,TGK
large_airport,Sochi International Airport,EU,RU,Sochi,yes,URSS,AER
medium_airport,Astrakhan Narimanovo Boris M. Kustodiev International Airport,AS,RU,Astrakhan,yes,URWA,ASF
medium_airport,Elista Airport,EU,RU,Elista,yes,URWI,ESL
medium_airport,Volgograd International Airport,EU,RU,Volgograd,yes,URWW,VOG
medium_airport,Windorah Airport,OC,AU,Windorah,yes,YWDH,WNR
medium_airport,Chelyabinsk Balandino Airport,EU,RU,Chelyabinsk,yes,USCC,CEK
medium_airport,Magnitogorsk International Airport,EU,RU,Magnitogorsk,yes,USCM,MQF
medium_airport,Sabetta International Airport,AS,RU,Sabetta,yes,USDA,SBT
medium_airport,Bovanenkovo Airport,AS,RU,Bovanenkovo,yes,USDB,BVJ
medium_airport,Salekhard Airport,AS,RU,Salekhard,yes,USDD,SLY
medium_airport,Berezovo Airport,AS,RU,,no,,EZV
medium_airport,Khanty Mansiysk Airport,AS,RU,Khanty-Mansiysk,yes,USHH,HMA
small_airport,Igrim Airport,AS,RU,,no,USHI,IRM
medium_airport,Nyagan Airport,EU,RU,Nyagan,yes,USHN,NYA
medium_airport,Beloyarskiy Airport,EU,RU,,yes,USHQ,EYK
medium_airport,Surigao Airport,AS,PH,Surigao City,yes,RPMS,SUG
medium_airport,Izhevsk Airport,EU,RU,Izhevsk,yes,USII,IJK
medium_airport,Pobedilovo Airport,EU,RU,Kirov,yes,USKK,KVX
medium_airport,Nadym Airport,AS,RU,Nadym,yes,USMM,NYM
medium_airport,Novy Urengoy Airport,AS,RU,Novy Urengoy,yes,USMU,NUX
medium_airport,Nizhnevartovsk Airport,AS,RU,Nizhnevartovsk,yes,USNN,NJC
medium_airport,Perm International Airport,EU,RU,Perm,yes,USPP,PEE
medium_airport,Kogalym International Airport,AS,RU,Kogalym,yes,USRK,KGP
medium_airport,Nefteyugansk Airport,AS,RU,Nefteyugansk,yes,USRN,NFG
medium_airport,Noyabrsk Airport,AS,RU,Noyabrsk,yes,USRO,NOJ
medium_airport,Surgut Airport,AS,RU,Surgut,yes,USRR,SGC
large_airport,Koltsovo Airport,AS,RU,Yekaterinburg,yes,USSS,SVX
medium_airport,Remezov Airport,AS,RU,Tobolsk,yes,,RMZ
medium_airport,Roshchino International Airport,AS,RU,Tyumen,yes,USTR,TJM
medium_airport,Kurgan Airport,AS,RU,Kurgan,yes,USUU,KRO
large_airport,Ashgabat International Airport,AS,TM,Ashgabat,yes,UTAA,ASB
medium_airport,Turkmenbashi International Airport,AS,TM,Turkmenbashi,yes,UTAK,KRW
medium_airport,Mary International Airport,AS,TM,Mary,yes,UTAM,MYP
medium_airport,Daşoguz Airport,AS,TM,Daşoguz,yes,UTAT,TAZ
medium_airport,Türkmenabat International Airport,AS,TM,Türkmenabat,yes,UTAV,CRZ
medium_airport,Dushanbe International Airport,AS,TJ,Dushanbe,yes,UTDD,DYU
medium_airport,Kulob Airport,AS,TJ,Kulyab,yes,UTDK,TJU
medium_airport,Khujand Airport,AS,TJ,Khujand,yes,UTDL,LBD
medium_airport,Qurghonteppa International Airport,AS,TJ,Kurgan-Tyube,yes,UTDT,KQT
medium_airport,Andizhan Airport,AS,UZ,Andizhan,yes,UZFA,AZN
medium_airport,Fergana International Airport,AS,UZ,Fergana,yes,UZFF,FEG
medium_airport,Nukus Airport,AS,UZ,Nukus,yes,UZNN,NCU
medium_airport,Urgench Airport,AS,UZ,Urgench,yes,UZNU,UGC
medium_airport,Navoi Airport,AS,UZ,Navoi,yes,UZSA,NVI
medium_airport,Bukhara International Airport,AS,UZ,Bukhara,yes,UZSB,BHK
medium_airport,Samarkand Airport,AS,UZ,Samarkand,yes,UZSS,SKD
medium_airport,Termez Airport,AS,UZ,Termez,yes,UZST,TMJ
large_airport,Tashkent International Airport,AS,UZ,Tashkent,yes,UZTT,TAS
medium_airport,Zomin Airport,AS,UZ,Zaamin,yes,UTTZ,OMN
medium_airport,Kostroma Sokerkino Airport,EU,RU,Kostroma,yes,UUBA,KMW
medium_airport,Ivanovo South Airport,EU,RU,Ivanovo,yes,UUBI,IWA
medium_airport,Staroselye Airport,EU,RU,Rybinsk,yes,UUBK,RYB
medium_airport,Bryansk Airport,EU,RU,Bryansk,yes,UUBP,BZK
large_airport,Zhukovsky International Airport,EU,RU,Moscow,yes,UUBW,ZIA
large_airport,Domodedovo International Airport,EU,RU,Moscow,yes,UUDD,DME
large_airport,Sheremetyevo International Airport,EU,RU,Moscow,yes,UUEE,SVO
medium_airport,Belgorod International Airport,EU,RU,Belgorod,yes,UUOB,EGO
medium_airport,Kursk East Airport,EU,RU,Kursk,yes,UUOK,URS
medium_airport,Lipetsk Airport,EU,RU,Lipetsk,yes,UUOL,LPK
medium_airport,Voronezh International Airport,EU,RU,Voronezh,yes,UUOO,VOZ
large_airport,Vnukovo International Airport,EU,RU,Moscow,yes,UUWW,VKO
medium_airport,Ukhta Airport,AS,RU,Ukhta,yes,UUYH,UCT
medium_airport,Usinsk Airport,AS,RU,Usinsk,yes,UUYS,USK
medium_airport,Vorkuta Airport,AS,RU,Vorkuta,yes,UUYW,VKT
medium_airport,Syktyvkar Airport,EU,RU,Syktyvkar,yes,UUYY,SCW
medium_airport,Nizhny Novgorod / Strigino International Airport,EU,RU,Nizhny Novgorod,yes,UWGG,GOJ
medium_airport,Bugulma Airport,AS,RU,Bugulma,yes,UWKB,UUA
large_airport,Kazan International Airport,AS,RU,Kazan,yes,UWKD,KZN
medium_airport,Begishevo Airport,AS,RU,Nizhnekamsk,yes,UWKE,NBC
medium_airport,Cheboksary Airport,AS,RU,Cheboksary,yes,UWKS,CSY
medium_airport,Ulyanovsk Baratayevka Airport,EU,RU,Ulyanovsk,yes,UWLL,ULV
medium_airport,Ulyanovsk East Airport,EU,RU,Cherdakly,yes,UWLW,ULY
medium_airport,Orenburg Central Airport,EU,RU,Orenburg,yes,UWOO,REN
medium_airport,Orsk Airport,AS,RU,Orsk,yes,UWOR,OSW
medium_airport,Penza Airport,EU,RU,Penza,yes,UWPP,PEZ
medium_airport,Saransk Airport,EU,RU,Saransk,yes,UWPS,SKX
medium_airport,Balakovo Airport,AS,RU,Balakovo,yes,UWSB,BWO
large_airport,Gagarin International Airport,AS,RU,Saratov,yes,UWSG,GSV
large_airport,Ufa International Airport,EU,RU,Ufa,yes,UWUU,UFA
large_airport,Kurumoch International Airport,EU,RU,Samara,yes,UWWW,KUF
medium_airport,"Rewa Airport, Chorhata, REWA",AS,IN,Rewa,yes,,REW
medium_airport,Gondia Airport,AS,IN,Gondia,yes,VAGD,GDB
medium_airport,Sardar Vallabh Bhai Patel International Airport,AS,IN,Ahmedabad,yes,VAAH,AMD
medium_airport,Aurangabad Airport,AS,IN,Aurangabad,yes,VAAU,IXU
large_airport,Chhatrapati Shivaji International Airport,AS,IN,Mumbai,yes,VABB,BOM
medium_airport,Bhuj Airport,AS,IN,Bhuj,yes,VABJ,BHJ
medium_airport,Belagavi Airport,AS,IN,Belgaum,yes,VOBM,IXG
medium_airport,Vadodara Airport,AS,IN,Vadodara,yes,VABO,BDQ
medium_airport,Raja Bhoj International Airport,AS,IN,Bhopal,yes,VABP,BHO
medium_airport,Bhavnagar Airport,AS,IN,Bhavnagar,yes,VABV,BHU
small_airport,Guna Airport,AS,IN,,no,VAGN,GUX
medium_airport,Hubli Airport,AS,IN,Hubli,yes,VOHB,HBX
medium_airport,Devi Ahilyabai Holkar Airport,AS,IN,Indore,yes,VAID,IDR
medium_airport,Jabalpur Airport,AS,IN,Jabalpur,yes,VAJB,JLR
medium_airport,Jamnagar Airport,AS,IN,Jamnagar,yes,VAJM,JGA
medium_airport,Kandla Airport,AS,IN,Kandla,yes,VAKE,IXY
medium_airport,Khajuraho Airport,AS,IN,Khajuraho,yes,,HJR
medium_airport,Kolhapur Airport,AS,IN,Kolhapur,yes,VAKP,KLH
medium_airport,Keshod Airport,AS,IN,Keshod,yes,VAKS,IXK
medium_airport,Murod Kond Airport,AS,IN,Latur,yes,VALT,LTU
medium_airport,Nanded Airport,AS,IN,Nanded,yes,,NDC
medium_airport,Dr. Babasaheb Ambedkar International Airport,AS,IN,Nagpur,yes,VANP,NAG
medium_airport,Nashik Airport,AS,IN,Nasik,yes,VAOZ,ISK
medium_airport,Pune Airport / Lohagaon Air Force Station,AS,IN,Pune,yes,VAPO,PNQ
medium_airport,Porbandar Airport,AS,IN,Porbandar,yes,VAPR,PBD
medium_airport,Ratnagiri Airport,AS,IN,,no,VARG,RTC
medium_airport,Swami Vivekananda Airport,AS,IN,Raipur,yes,,RPR
medium_airport,Shirdi Airport,AS,IN,Kakadi,yes,VASD,SAG
medium_airport,Surat Airport,AS,IN,Surat,yes,VASU,STV
medium_airport,Maharana Pratap Airport,AS,IN,Udaipur,yes,VAUD,UDR
large_airport,Bandaranaike International Colombo Airport,AS,LK,Colombo,yes,VCBI,CMB
medium_airport,Batticaloa Airport,AS,LK,Batticaloa,yes,VCCB,BTC
medium_airport,Colombo Ratmalana Airport,AS,LK,Colombo,yes,VCCC,RML
medium_airport,Jaffna International Airport,AS,LK,Jaffna,yes,VCCJ,JAF
medium_airport,Koggala Airport,AS,LK,Galle,yes,VCCK,KCT
medium_airport,China Bay Airport,AS,LK,Trincomalee,yes,VCCT,TRR
large_airport,Mattala Rajapaksa International Airport,AS,LK,Mattala,yes,VCRI,HRI
medium_airport,Battambang Airport,AS,KH,Battambang,yes,VDBG,BBM
large_airport,Phnom Penh International Airport,AS,KH,Phnom Penh (Pou Senchey),yes,VDPP,PNH
large_airport,Siem Reap-Angkor International Airport,AS,KH,Siem Reap,yes,VDSA,SAI
medium_airport,Along Airport,AS,IN,,no,VEAN,IXV
medium_airport,Agartala - Maharaja Bir Bikram Airport,AS,IN,Agartala,yes,VEAT,IXA
medium_airport,Bagdogra Airport,AS,IN,Siliguri,yes,VEBD,IXB
medium_airport,Shillong Airport,AS,IN,Shillong,yes,VEBI,SHL
medium_airport,Lal Bahadur Shastri Airport,AS,IN,Varanasi,yes,VEBN,VNS
medium_airport,Biju Patnaik International Airport,AS,IN,Bhubaneswar,yes,VEBS,BBI
medium_airport,Bilaspur Airport,AS,IN,Bilaspur,yes,VEBU,PAB
large_airport,Netaji Subhash Chandra Bose International Airport,AS,IN,Kolkata,yes,VECC,CCU
medium_airport,Dhanbad Airport,AS,IN,,no,VEDB,DBD
medium_airport,Kazi Nazrul Islam Airport,AS,IN,Durgapur,yes,VEDG,RDP
medium_airport,Darbhanga Airport,AS,IN,Darbhanga,yes,VEDH,DBR
medium_airport,Gorakhpur Airport,AS,IN,Gorakhpur,yes,VEGK,GOP
medium_airport,Lokpriya Gopinath Bordoloi International Airport,AS,IN,Guwahati,yes,VEGT,GAU
medium_airport,Gaya Airport,AS,IN,Gaya,yes,VEGY,GAY
medium_airport,Imphal Airport,AS,IN,Imphal,yes,VEIM,IMF
medium_airport,Jorhat Airport,AS,IN,Jorhat,yes,VEJT,JRH
medium_airport,Silchar Airport,AS,IN,Silchar,yes,VEKU,IXS
medium_airport,Lengpui Airport,AS,IN,Aizawl (Lengpui),yes,VELP,AJL
medium_airport,Lilabari North Lakhimpur Airport,AS,IN,Lilabari,yes,VELR,IXI
medium_airport,Dibrugarh Airport,AS,IN,Dibrugarh,yes,VEMN,DIB
medium_airport,Dimapur Airport,AS,IN,Dimapur,yes,VEMR,DMU
medium_airport,Birsa Munda Airport,AS,IN,Ranchi,yes,VERC,IXR
medium_airport,Tezpur Airport,AS,IN,,yes,VETZ,TEZ
medium_airport,Visakhapatnam Airport,AS,IN,Visakhapatnam,yes,VOVZ,VTZ
medium_airport,Orang (Chongjin) Airport,AS,KP,Hoemun-ri,yes,ZKHM,RGO
medium_airport,Barisal Airport,AS,BD,Barisal,yes,VGBR,BZL
medium_airport,Cox's Bazar Airport,AS,BD,Cox's Bazar,yes,VGCB,CXB
medium_airport,Shah Amanat International Airport,AS,BD,Chattogram (Chittagong),yes,VGEG,CGP
medium_airport,Jessore Airport,AS,BD,Jashore (Jessore),yes,VGJR,JSR
medium_airport,Shah Mokhdum Airport,AS,BD,Rajshahi,yes,VGRJ,RJH
medium_airport,Saidpur Airport,AS,BD,Saidpur,yes,VGSD,SPD
medium_airport,Osmany International Airport,AS,BD,Sylhet,yes,VGSY,ZYL
large_airport,Hong Kong International Airport,AS,HK,Hong Kong,yes,VHHH,HKG
medium_airport,Wonsan Kalma International Airport,AS,KP,Wonsan,yes,ZKWS,WOS
medium_airport,Agra Airport / Agra Air Force Station,AS,IN,Agra,yes,VIAG,AGR
medium_airport,Prayagraj Airport,AS,IN,Allahabad,yes,VEAB,IXD
medium_airport,Sri Guru Ram Dass Jee International Airport,AS,IN,Amritsar,yes,VIAR,ATQ
medium_airport,Kullu Manali Airport,AS,IN,Bhuntar,yes,VIBR,KUU
medium_airport,Bhatinda Air Force Station,AS,IN,,no,VIBT,BUP
medium_airport,Chandigarh International Airport,AS,IN,Chandigarh,yes,VICG,IXC
medium_airport,Kanpur Airport,AS,IN,Kanpur,yes,,KNU
medium_airport,Dehradun Jolly Grant Airport,AS,IN,Dehradun (Jauligrant),yes,VIDN,DED
large_airport,Indira Gandhi International Airport,AS,IN,New Delhi,yes,VIDP,DEL
medium_airport,Kangra Airport,AS,IN,Kangra,yes,VIGG,DHM
medium_airport,Gwalior Airport,AS,IN,Gwalior,yes,VIGR,GWL
medium_airport,Hisar Airport,AS,IN,Hisar,yes,VIHR,HSS
medium_airport,Jodhpur Airport,AS,IN,Jodhpur,yes,VIJO,JDH
medium_airport,Page Municipal Airport,NA,US,Page,yes,KPGA,PGA
medium_airport,Jaisalmer Airport,AS,IN,,yes,VIJR,JSA
medium_airport,Jammu Airport,AS,IN,Jammu,yes,VIJU,IXJ
medium_airport,Kishangarh Airport Ajmer,AS,IN,Ajmer (Kishangarh),yes,VIKG,KQH
medium_airport,Ludhiana Airport,AS,IN,,no,VILD,LUH
medium_airport,Leh Kushok Bakula Rimpochee Airport,AS,IN,Leh,yes,VILH,IXL
medium_airport,Chaudhary Charan Singh International Airport,AS,IN,Lucknow,yes,VILK,LKO
medium_airport,Moradabad Airport,AS,IN,Moradabad,yes,,MZS
medium_airport,Pathankot Airport,AS,IN,Pathankot,yes,VIPK,IXP
medium_airport,Pantnagar Airport,AS,IN,Pantnagar,yes,VIPT,PGH
medium_airport,Sheikh ul Alam International Airport,AS,IN,Srinagar,yes,VISR,SXR
small_airport,Satna Airport,AS,IN,,no,,TNI
medium_airport,Luang Phabang International Airport,AS,LA,Luang Phabang,yes,VLLB,LPQ
medium_airport,Pakse International Airport,AS,LA,Pakse,yes,VLPS,PKZ
medium_airport,Savannakhet Airport,AS,LA,,no,VLSK,ZVK
medium_airport,Sam Neua Airport,AS,LA,,no,VLSN,NEU
medium_airport,Wattay International Airport,AS,LA,Vientiane,yes,VLVT,VTE
large_airport,Macau International Airport,AS,MO,Nossa Senhora do Carmo,yes,VMMC,MFM
medium_airport,Gautam Buddha International Airport,AS,NP,Siddharthanagar (Bhairahawa),yes,VNBW,BWA
medium_airport,Janakpur Airport,AS,NP,Janakpur,yes,VNJP,JKR
large_airport,Tribhuvan International Airport,AS,NP,Kathmandu,yes,VNKT,KTM
medium_airport,Nepalgunj Airport,AS,NP,Nepalgunj,yes,VNNG,KEP
medium_airport,Pokhara Airport,AS,NP,Pokhara,yes,VNPK,PKR
medium_airport,Taplejung Airport,AS,NP,Taplejung,yes,VNTJ,TPJ
medium_airport,Biratnagar Airport,AS,NP,Biratnagar,yes,VNVT,BIR
medium_airport,Agatti Airport,AS,IN,Agatti,yes,VOAT,AGX
large_airport,Kempegowda International Airport,AS,IN,Bangalore,yes,VOBL,BLR
medium_airport,Vijayawada Airport,AS,IN,Gannavaram,yes,VOBZ,VGA
medium_airport,Coimbatore International Airport,AS,IN,Coimbatore,yes,VOCB,CJB
large_airport,Cochin International Airport,AS,IN,Kochi,yes,VOCI,COK
medium_airport,Calicut International Airport,AS,IN,Calicut,yes,VOCL,CCJ
medium_airport,Kadapa Airport,AS,IN,Kadapa,yes,VOCP,CDP
large_airport,Dabolim Airport,AS,IN,Vasco da Gama,yes,VOGO,GOI
large_airport,Rajiv Gandhi International Airport,AS,IN,Hyderabad,yes,VOHS,HYD
medium_airport,Kannur International Airport,AS,IN,Kannur,yes,VOKN,CNN
medium_airport,Kurnool Airport,AS,IN,Orvakal,yes,VOKU,KJB
medium_airport,Madurai Airport,AS,IN,Madurai,yes,VOMD,IXM
medium_airport,Mangalore International Airport,AS,IN,Mangalore,yes,VOML,IXE
large_airport,Chennai International Airport,AS,IN,Chennai,yes,VOMM,MAA
medium_airport,Veer Savarkar International Airport / INS Utkrosh,AS,IN,Port Blair,yes,VOPB,IXZ
medium_airport,Pondicherry Airport,AS,IN,Puducherry (Pondicherry),yes,VOPC,PNY
medium_airport,Rajahmundry Airport,AS,IN,Madhurapudi,yes,VORY,RJA
medium_airport,Tiruchirappalli International Airport,AS,IN,Tiruchirappalli,yes,VOTR,TRZ
large_airport,Thiruvananthapuram International Airport,AS,IN,Thiruvananthapuram,yes,VOTV,TRV
medium_airport,Paro International Airport,AS,BT,Paro,yes,VQPR,PBH
small_airport,Hoarafushi Airport,AS,MV,,yes,,HRF
medium_airport,Maafaru International Airport,AS,MV,Noonu Atoll,yes,,NMF
medium_airport,Gan International Airport,AS,MV,Gan,yes,VRMG,GAN
medium_airport,Hanimaadhoo Airport,AS,MV,Haa Dhaalu Atoll,yes,VRMH,HAQ
medium_airport,Kadhdhoo Airport,AS,MV,Kadhdhoo,yes,VRMK,KDO
large_airport,Malé International Airport,AS,MV,Malé,yes,VRMM,MLE
medium_airport,Kaadedhdhoo Airport,AS,MV,Huvadhu Atoll,yes,VRMT,KDM
medium_airport,Villa International Airport Maamigili,AS,MV,Maamigili,yes,VRMV,VAM
large_airport,Don Mueang International Airport,AS,TH,Bangkok,yes,VTBD,DMK
medium_airport,Trat Airport,AS,TH,Laem Ngop,yes,VTBO,TDX
large_airport,Suvarnabhumi Airport,AS,TH,Bangkok,yes,VTBS,BKK
medium_airport,U-Tapao International Airport,AS,TH,Rayong,yes,VTBU,UTP
large_airport,Chiang Mai International Airport,AS,TH,Chiang Mai,yes,VTCC,CNX
medium_airport,Mae Hong Son Airport,AS,TH,Mae Hong Son,yes,VTCH,HGN
medium_airport,Lampang Airport,AS,TH,,yes,VTCL,LPT
medium_airport,Nan Airport,AS,TH,,yes,VTCN,NNT
medium_airport,Phrae Airport,AS,TH,,no,VTCP,PRH
medium_airport,Mae Fah Luang - Chiang Rai International Airport,AS,TH,Chiang Rai,yes,,CEI
medium_airport,Phetchabun Airport,AS,TH,,yes,VTPB,PHY
medium_airport,Hua Hin Airport,AS,TH,Hua Hin,yes,VTPH,HHQ
medium_airport,Mae Sot Airport,AS,TH,,yes,VTPM,MAQ
medium_airport,Sukhothai Airport,AS,TH,,yes,VTPO,THS
medium_airport,Tak Airport,AS,TH,,no,VTPT,TKT
medium_airport,Surat Thani Airport,AS,TH,Surat Thani,yes,VTSB,URT
medium_airport,Chumphon Airport,AS,TH,Chumphon,yes,VTSE,CJM
medium_airport,Nakhon Si Thammarat Airport,AS,TH,Nakhon Si Thammarat,yes,VTSF,NST
medium_airport,Krabi Airport,AS,TH,Krabi,yes,VTSG,KBV
large_airport,Phuket International Airport,AS,TH,Phuket,yes,VTSP,HKT
medium_airport,Ranong Airport,AS,TH,Ranong,yes,VTSR,UNN
medium_airport,Hat Yai International Airport,AS,TH,Hat Yai,yes,VTSS,HDY
medium_airport,Trang Airport,AS,TH,Trang,yes,VTST,TST
medium_airport,Udon Thani Airport,AS,TH,Udon Thani,yes,VTUD,UTH
medium_airport,Sakon Nakhon Airport,AS,TH,,yes,VTUI,SNO
medium_airport,Surin Airport,AS,TH,Surin,yes,VTUJ,PXR
medium_airport,Khon Kaen Airport,AS,TH,Khon Kaen,yes,VTUK,KKC
medium_airport,Loei Airport,AS,TH,,yes,VTUL,LOE
medium_airport,Buri Ram Airport,AS,TH,Buriram,yes,VTUO,BFV
medium_airport,Ubon Ratchathani Airport,AS,TH,Ubon Ratchathani,yes,VTUU,UBP
medium_airport,Roi Et Airport,AS,TH,Roi Et,yes,VTUV,ROI
medium_airport,Nakhon Phanom Airport,AS,TH,Nakhon Phanom,yes,VTUW,KOP
medium_airport,Buon Ma Thuot Airport,AS,VN,Buon Ma Thuot,yes,VVBM,BMV
medium_airport,Cat Bi International Airport,AS,VN,Haiphong (Hai An),yes,VVCI,HPH
medium_airport,Cà Mau Airport,AS,VN,Ca Mau City,yes,VVCM,CAH
medium_airport,Cam Ranh International Airport / Cam Ranh Air Base,AS,VN,Cam Ranh,yes,VVCR,CXR
medium_airport,Con Dao Airport,AS,VN,Con Dao,yes,VVCS,VCS
medium_airport,Can Tho International Airport,AS,VN,Can Tho,yes,VVCT,VCA
medium_airport,Dien Bien Phu Airport,AS,VN,Dien Bien Phu,yes,VVDB,DIN
medium_airport,Dong Hoi Airport,AS,VN,Dong Hoi,yes,VVDH,VDH
medium_airport,Lien Khuong Airport,AS,VN,Da Lat,yes,VVDL,DLI
medium_airport,Da Nang International Airport,AS,VN,Da Nang,yes,VVDN,DAD
large_airport,Noi Bai International Airport,AS,VN,Hanoi (Soc Son),yes,VVNB,HAN
medium_airport,Phu Bai International Airport,AS,VN,Huế,yes,VVPB,HUI
medium_airport,Phu Cat Airport,AS,VN,Quy Nohn,yes,VVPC,UIH
medium_airport,Pleiku Airport,AS,VN,Pleiku,yes,VVPK,PXU
medium_airport,Phu Quoc International Airport,AS,VN,Phu Quoc Island,yes,VVPQ,PQC
medium_airport,Rach Gia Airport,AS,VN,Rach Gia,yes,VVRG,VKG
medium_airport,Dong Tac Airport,AS,VN,Tuy Hoa,yes,VVTH,TBB
large_airport,Tan Son Nhat International Airport,AS,VN,Ho Chi Minh City,yes,VVTS,SGN
medium_airport,Van Don International Airport,AS,VN,Van Don,yes,VVVD,VDO
medium_airport,Vinh Airport,AS,VN,Vinh,yes,VVVH,VII
medium_airport,Dawei Airport,AS,MM,Dawei,yes,VYDW,TVY
medium_airport,Kengtung Airport,AS,MM,Kengtung,yes,VYKG,KET
medium_airport,Kyaukpyu Airport,AS,MM,Kyaukpyu,yes,VYKP,KYP
medium_airport,Kawthoung Airport,AS,MM,Kawthoung,yes,VYKT,KAW
medium_airport,Loikaw Airport,AS,MM,Loikaw,yes,VYLK,LIW
medium_airport,Lashio Airport,AS,MM,Lashio,yes,VYLS,LSH
large_airport,Mandalay International Airport,AS,MM,Mandalay,yes,VYMD,MDL
medium_airport,Myeik Airport,AS,MM,Mkeik,yes,VYME,MGZ
medium_airport,Myitkyina Airport,AS,MM,Myitkyina,yes,VYMK,MYT
medium_airport,Momeik Airport,AS,MM,,no,VYMO,MOE
medium_airport,Mong Hsat Airport,AS,MM,Mong Hsat,yes,VYMS,MOG
medium_airport,Nay Pyi Taw International Airport,AS,MM,Pyinmana,yes,VYNT,NYT
medium_airport,Putao Airport,AS,MM,Putao,yes,VYPT,PBU
medium_airport,Sittwe Airport,AS,MM,Sittwe,yes,VYSW,AKY
medium_airport,Thandwe Airport,AS,MM,Thandwe,yes,VYTD,SNW
medium_airport,Tachileik Airport,AS,MM,Tachileik,yes,VYTL,THL
large_airport,Yangon International Airport,AS,MM,Yangon,yes,VYYY,RGN
medium_airport,Warracknabeal Airport,OC,AU,,no,YWKB,WKB
medium_airport,Walgett Airport,OC,AU,,yes,YWLG,WGE
large_airport,Hasanuddin International Airport,AS,ID,Ujung Pandang,yes,WAAA,UPG
medium_airport,Frans Kaisiepo Airport,AS,ID,Biak,yes,WABB,BIK
medium_airport,Mozes Kilangin Airport,AS,ID,Timika,yes,,TIM
large_airport,Denpasar I Gusti Ngurah Rai International Airport,AS,ID,"Kuta, Badung",yes,WADD,DPS
medium_airport,Lombok International Airport,AS,ID,"Mataram (Pujut, Lombok Tengah)",yes,WADL,LOP
medium_airport,Sultan Babullah Airport,AS,ID,Ternate,yes,WAEE,TTE
medium_airport,Toraja Airport,AS,ID,Toraja,yes,WAFB,TRT
medium_airport,Mutiara - SIS Al-Jufrie Airport,AS,ID,Palu,yes,WAFF,PLW
medium_airport,Tjilik Riwut Airport,AS,ID,Palangkaraya,yes,WAGG,PKY
medium_airport,Yogyakarta International Airport,AS,ID,Yogyakarta,yes,WAHI,YIA
medium_airport,Tunggul Wulung Airport,AS,ID,Cilacap,yes,WAHL,CXP
large_airport,Dortheys Hiyo Eluay International Airport,AS,ID,Sentani,yes,WAJJ,DJJ
medium_airport,Oksibil Airport,AS,ID,Oksibil,yes,WAJO,OKL
medium_airport,Mopah International Airport,AS,ID,Merauke,yes,WAKK,MKQ
medium_airport,Tanah Merah Airport,AS,ID,Tanah Merah,yes,WAKT,TMH
large_airport,Sultan Aji Muhammad Sulaiman Sepinggan International Airport,AS,ID,Balikpapan,yes,WALL,BPN
medium_airport,Juwata International Airport / Suharnoko Harbani AFB,AS,ID,Tarakan,yes,WAQQ,TRK
medium_airport,Aji Pangeran Tumenggung Pranoto International Airport,AS,ID,Samarinda,yes,WALS,AAP
medium_airport,Naha Airport,AS,ID,"Tabukan Utara, Sangihe Islands",yes,WAMH,NAH
medium_airport,Sam Ratulangi Airport,AS,ID,Manado,yes,WAMM,MDC
medium_airport,Warukin Airport,AS,ID,Tanta-Tabalong,yes,WAON,TJG
medium_airport,Syamsudin Noor International Airport,AS,ID,Landasan Ulin,yes,WAOO,BDJ
medium_airport,Karel Sadsuitubun Airport,AS,ID,Langgur,yes,WAPF,LUV
medium_airport,Namniwel Airport,AS,ID,Namniwel,yes,WAPN,NAM
medium_airport,Pattimura International Airport,AS,ID,Ambon,yes,WAPP,AMQ
medium_airport,Kalimarau Airport,AS,ID,Tanjung Redeb - Borneo Island,yes,WAQT,BEJ
medium_airport,Abdul Rachman Saleh Airport,AS,ID,Malang,yes,WARA,MLG
medium_airport,Adisutjipto Airport,AS,ID,Yogyakarta,yes,WAHH,JOG
medium_airport,Adisumarmo Airport,AS,ID,Surakarta,yes,WAHQ,SOC
large_airport,Juanda International Airport,AS,ID,Surabaya,yes,WARR,SUB
medium_airport,Achmad Yani Airport,AS,ID,Semarang,yes,WAHS,SRG
medium_airport,Fakfak Airport,AS,ID,Fakfak,yes,WASF,FKQ
medium_airport,Utarom Airport,AS,ID,Kaimana,yes,WASK,KNG
medium_airport,Rendani Airport,AS,ID,Manokwari,yes,WAUU,MKW
medium_airport,Domine Eduard Osok Airport,AS,ID,Sorong,yes,WASS,SOQ
medium_airport,Wamena Airport,AS,ID,Wamena,yes,WAVV,WMX
medium_airport,Matahora Airport,AS,ID,Wangi-wangi Island,yes,WAWD,WNI
medium_airport,Sangia Nibandera Airport,AS,ID,Kolaka,yes,WAWP,KXB
medium_airport,Bintulu Airport,AS,MY,Bintulu,yes,WBGB,BTU
medium_airport,Kuching International Airport,AS,MY,Kuching,yes,WBGG,KCH
medium_airport,Limbang Airport,AS,MY,Limbang,yes,WBGJ,LMN
medium_airport,Mukah Airport,AS,MY,Mukah,yes,WBGK,MKM
medium_airport,Marudi Airport,AS,MY,Marudi,yes,WBGM,MUR
medium_airport,Miri Airport,AS,MY,Miri,yes,WBGR,MYY
medium_airport,Sibu Airport,AS,MY,Sibu,yes,WBGS,SBW
medium_airport,Bario Airport,AS,MY,Bario,yes,WBGZ,BBN
medium_airport,Lahad Datu Airport,AS,MY,Lahad Datu,yes,WBKD,LDU
medium_airport,Kota Kinabalu International Airport,AS,MY,Kota Kinabalu,yes,WBKK,BKI
medium_airport,Labuan Airport,AS,MY,Labuan,yes,WBKL,LBU
medium_airport,Sandakan Airport,AS,MY,Sandakan,yes,WBKS,SDK
medium_airport,Tawau Airport,AS,MY,Tawau,yes,WBKW,TWU
medium_airport,Mulu Airport,AS,MY,Mulu,yes,WBMU,MZV
large_airport,Brunei International Airport,AS,BN,Bandar Seri Begawan,yes,WBSB,BWN
medium_airport,Sultan Syarif Kasim II International Airport / Roesmin Nurjadin AFB,AS,ID,Pekanbaru,yes,WIBB,PKU
medium_airport,Pinang Kampai Airport,AS,ID,Dumai,yes,WIBD,DUM
medium_airport,Kertajati International Airport,AS,ID,Kertajati,yes,WICA,KJT
medium_airport,Husein Sastranegara International Airport,AS,ID,Bandung,yes,WICC,BDO
medium_airport,Hang Nadim International Airport,AS,ID,Batam,yes,WIDD,BTH
medium_airport,Halim Perdanakusuma International Airport,AS,ID,Jakarta,yes,WIHH,HLP
large_airport,Soekarno-Hatta International Airport,AS,ID,Jakarta,yes,WIII,CGK
medium_airport,Radin Inten II International Airport,AS,ID,Bandar Lampung,yes,WILL,TKG
medium_airport,Binaka Airport,AS,ID,Gunungsitoli,yes,WIMB,GNS
medium_airport,Dr. Ferdinand Lumban Tobing Airport,AS,ID,Sibolga (Pinangsori),yes,WIMS,FLZ
medium_airport,Alas Leuser Airport,AS,ID,Kutacane,yes,,LSR
medium_airport,Nanga Pinoh Airport,AS,ID,Nanga Pinoh-Borneo Island,yes,WIOG,NPO
medium_airport,Rahadi Osman Airport,AS,ID,Ketapang,yes,WIOK,KTG
medium_airport,Ranai Airport,AS,ID,Ranai-Natuna Besar Island,yes,,NTX
medium_airport,Supadio Airport,AS,ID,Pontianak,yes,WIOO,PNK
medium_airport,Pangsuma Airport,AS,ID,Putussibau-Borneo Island,yes,WIOP,PSU
medium_airport,Tebelian Airport,AS,ID,Sintang,yes,WIOS,SQG
medium_airport,Depati Amir Airport,AS,ID,Pangkal Pinang,yes,WIKK,PGK
medium_airport,Fatmawati Soekarno Airport,AS,ID,Bengkulu,yes,WIGG,BKS
medium_airport,Sultan Mahmud Badaruddin II Airport,AS,ID,Palembang,yes,WIPP,PLM
medium_airport,Pendopo Airport,AS,ID,Talang Gudang-Sumatra Island,yes,WIPQ,PDO
medium_airport,Minangkabau International Airport,AS,ID,Padang (Katapiang),yes,WIEE,PDG
medium_airport,Cut Nyak Dhien Airport,AS,ID,Kuala Pesisir,yes,WITC,MEQ
medium_airport,Rembele Airport,AS,ID,Takengon,yes,WITK,TXE
medium_airport,Sultan Iskandar Muda International Airport,AS,ID,Banda Aceh,yes,WITT,BTJ
medium_airport,Tioman Airport,AS,MY,Tioman Island,yes,WMBT,TOD
medium_airport,Sultan Abdul Halim Airport,AS,MY,Alor Satar,yes,WMKA,AOR
medium_airport,Sultan Ismail Petra Airport,AS,MY,Kota Baharu,yes,WMKC,KBR
medium_airport,Kuantan Airport,AS,MY,Kuantan,yes,WMKD,KUA
medium_airport,Sultan Azlan Shah Airport,AS,MY,Ipoh,yes,WMKI,IPH
medium_airport,Senai International Airport,AS,MY,Johor Bahru,yes,WMKJ,JHB
large_airport,Kuala Lumpur International Airport,AS,MY,Sepang,yes,WMKK,KUL
medium_airport,Langkawi International Airport,AS,MY,Langkawi,yes,WMKL,LGK
medium_airport,Sultan Mahmud Airport,AS,MY,Kuala Terengganu,yes,WMKN,TGG
medium_airport,Penang International Airport,AS,MY,Penang,yes,WMKP,PEN
medium_airport,Sultan Abdul Aziz Shah International Airport,AS,MY,Subang,yes,WMSA,SZB
medium_airport,Presidente Nicolau Lobato International Airport,AS,TL,Dili,yes,WPDL,DIL
small_airport,Waterloo Airport,OC,AU,,no,YWTL,WLO
medium_airport,Seletar Airport,AS,SG,Seletar,yes,WSSL,XSP
large_airport,Singapore Changi Airport,AS,SG,Singapore,yes,WSSS,SIN
small_airport,Wee Waa Airport,OC,AU,,no,YWWA,WEW
medium_airport,Albany Airport,OC,AU,Albany,yes,YABA,ALH
small_airport,Alton Downs Airport,OC,AU,,no,,AWN
small_airport,Augustus Downs Airport,OC,AU,,no,YAGD,AUD
small_airport,Alexandria Homestead Airport,OC,AU,,no,YALX,AXL
small_airport,Aramac Airport,OC,AU,,no,YAMC,AXC
small_airport,Ammaroo Airport,OC,AU,,no,,AMX
small_airport,Amata Airport,OC,AU,,no,YAMT,AMT
small_airport,West Angelas Airport,OC,AU,,no,YANG,WLP
small_airport,Anthony Lagoon Airport,OC,AU,,no,,AYL
small_airport,Argyle Airport,OC,AU,,no,YARG,GYL
medium_airport,Armidale Airport,OC,AU,Armidale,yes,YARM,ARM
small_airport,Austral Downs Airport,OC,AU,,no,,AWP
medium_airport,Ayers Rock Connellan Airport,OC,AU,Yulara,yes,YAYE,AYQ
medium_airport,Barcaldine Airport,OC,AU,Barcaldine,yes,YBAR,BCI
medium_airport,Alice Springs Airport,OC,AU,Alice Springs,yes,YBAS,ASP
large_airport,Brisbane International Airport,OC,AU,Brisbane,yes,YBBN,BNE
medium_airport,Gold Coast Airport,OC,AU,Gold Coast,yes,YBCG,OOL
medium_airport,Blackall Airport,OC,AU,Blackall,yes,YBCK,BKQ
medium_airport,Cairns International Airport,OC,AU,Cairns,yes,YBCS,CNS
medium_airport,Charleville Airport,OC,AU,Charleville,yes,YBCV,CTL
small_airport,Bedford Downs Airport,OC,AU,,no,YBDF,BDW
medium_airport,Ağrı Airport,AS,TR,Ağrı,yes,LTCO,AJI
medium_airport,Birdsville Airport,OC,AU,,yes,YBDV,BVI
small_airport,Betoota Airport,OC,AU,,no,YBEO,BTX
small_airport,Boolgeeda,OC,AU,,no,YBGD,OCM
medium_airport,Broken Hill Airport,OC,AU,Broken Hill,yes,YBHI,BHQ
medium_airport,Hamilton Island Airport,OC,AU,Hamilton Island,yes,YBHM,HTI
medium_airport,Bedourie Airport,OC,AU,Bedourie,yes,YBIE,BEU
small_airport,Billiluna Airport,OC,AU,,no,,BIW
medium_airport,Bourke Airport,OC,AU,,yes,YBKE,BRK
small_airport,Burketown Airport,OC,AU,,yes,YBKT,BUC
small_airport,Balcanoona Airport,OC,AU,,no,YBLC,LCN
small_airport,Bollon Airport,OC,AU,,no,YBLL,BLS
medium_airport,Mount Isa Airport,OC,AU,Mount Isa,yes,YBMA,ISA
small_airport,Bloomfield River Airport,OC,AU,,no,,BFC
medium_airport,Mackay Airport,OC,AU,Mackay,yes,YBMK,MKY
medium_airport,Ballina Byron Gateway Airport,OC,AU,Ballina,yes,YBNA,BNK
medium_airport,Oakey Army Aviation Centre,OC,AU,,yes,YBOK,OKY
medium_airport,Boulia Airport,OC,AU,,yes,YBOU,BQL
small_airport,Brampton Island Airport,OC,AU,,no,YBPI,BMP
medium_airport,Proserpine Whitsunday Coast Airport,OC,AU,Proserpine,yes,YBPN,PPP
medium_airport,Rockhampton Airport,OC,AU,Rockhampton,yes,YBRK,ROK
small_airport,Borroloola Airport,OC,AU,,no,YBRL,BOX
medium_airport,Balranald Airport,OC,AU,,no,YBRN,BZD
small_airport,Brunette Downs Airport,OC,AU,,no,,BTD
medium_airport,Brewarrina Airport,OC,AU,,no,YBRW,BWQ
small_airport,Barimunya Airport,OC,AU,,no,YBRY,BYP
medium_airport,Sunshine Coast Airport,OC,AU,Maroochydore,yes,YBSU,MCY
medium_airport,Bathurst Airport,OC,AU,Bathurst,yes,YBTH,BHS
medium_airport,Townsville Airport / RAAF Base Townsville,OC,AU,Townsville,yes,YBTL,TSV
medium_airport,Blackwater Airport,OC,AU,,no,YBTR,BLT
small_airport,Batavia Downs Airport,OC,AU,,no,,BVW
medium_airport,Bundaberg Airport,OC,AU,Bundaberg,yes,YBUD,BDB
small_airport,Bunbury Airport,OC,AU,,no,YBUN,BUY
small_airport,Bulimba Airport,OC,AU,,no,,BIP
medium_airport,Weipa Airport,OC,AU,Weipa,yes,YBWP,WEI
small_airport,Bolwarra Airport,OC,AU,,no,,BCK
medium_airport,Toowoomba Wellcamp Airport,OC,AU,Toowoomba,yes,YBWW,WTB
small_airport,Barrow Island Airport,OC,AU,,no,YBWX,BWB
small_airport,Cattle Creek Airport,OC,AU,,no,,CTR
small_airport,Caiguna Airport,OC,AU,,no,YCAG,CGV
small_airport,Coolah Airport,OC,AU,,no,YCAH,CLH
medium_airport,Carnarvon Airport,OC,AU,Carnarvon,yes,YCAR,CVQ
medium_airport,Cobar Airport,OC,AU,,yes,YCBA,CAZ
medium_airport,Coonabarabran Airport,OC,AU,,no,YCBB,COJ
medium_airport,Coober Pedy Airport,OC,AU,Coober Pedy,yes,YCBP,CPD
small_airport,Collarenebri Airport,OC,AU,,no,YCBR,CRB
small_airport,Coconut Island Airport,OC,AU,,yes,YCCT,CNC
medium_airport,Cloncurry Airport,OC,AU,Cloncurry,yes,YCCY,CNJ
small_airport,Condobolin Airport,OC,AU,,no,YCDO,CBX
medium_airport,Ceduna Airport,OC,AU,,yes,YCDU,CED
medium_airport,Cleve Airport,OC,AU,,no,YCEE,CVC
small_airport,Camfield Airport,OC,AU,,no,YCFD,CFI
small_airport,Cape Flattery Airport,OC,AU,,no,,CQP
medium_airport,Coffs Harbour Airport,OC,AU,Coffs Harbour,yes,YCFS,CFS
small_airport,Croker Island Airport,OC,AU,,no,YCKI,CKI
medium_airport,Cooktown Airport,OC,AU,,yes,YCKN,CTN
medium_airport,Clermont Airport,OC,AU,,no,YCMT,CMQ
medium_airport,Cunnamulla Airport,OC,AU,,yes,YCMU,CMA
small_airport,Camp Nifty Airport,OC,AU,,no,YCNF,NIF
small_airport,Cessnock Airport,OC,AU,,no,YCNK,CES
medium_airport,Coonamble Airport,OC,AU,,yes,YCNM,CNB
medium_airport,Coen Airport,OC,AU,Coen,yes,YCOE,CUQ
medium_airport,Cooma Snowy Mountains Airport,OC,AU,Cooma,yes,YCOM,OOM
small_airport,Cooinda Airport,OC,AU,,no,YCOO,CDA
medium_airport,Corowa Airport,OC,AU,,no,YCOR,CWW
medium_airport,Corryong Airport,OC,AU,,no,YCRG,CYG
small_airport,Croydon Airport,OC,AU,,no,YCRY,CDQ
small_airport,Collinsville Airport,OC,AU,,no,YCSV,KCE
medium_airport,Cootamundra Airport,OC,AU,,no,YCTM,CMD
small_airport,Cudal Airport,OC,AU,,no,YCUA,CUG
small_airport,Cue Airport,OC,AU,,no,YCUE,CUY
medium_airport,Amborovy Airport,AF,MG,Mahajanga,yes,FMNM,MJN
small_airport,Cowarie Airport,OC,AU,,no,YCWI,CWR
small_airport,Cowell Airport,OC,AU,,no,YCWL,CCW
medium_airport,Cowra Airport,OC,AU,,no,YCWR,CWT
small_airport,Dajarra Airport,OC,AU,,no,,DJR
medium_airport,Fascene Airport,AF,MG,Nosy Be,yes,FMNN,NOS
medium_airport,Dirranbandi Airport,OC,AU,,no,YDBI,DRN
small_airport,Delta Downs Airport,OC,AU,,no,YDLT,DDN
small_airport,Delissaville Airport,OC,AU,,no,YDLV,DLV
small_airport,Doomadgee Airport,OC,AU,,yes,YDMG,DMD
small_airport,Davenport Downs Airport,OC,AU,,no,YDPD,DVP
medium_airport,Devonport Airport,OC,AU,Devonport,yes,YDPO,DPO
small_airport,Durham Downs Airport,OC,AU,,no,YDRH,DHD
medium_airport,Dysart Airport,OC,AU,,no,YDYS,DYA
medium_airport,Echuca Airport,OC,AU,,no,YECH,ECH
small_airport,Eucla Airport,OC,AU,,no,YECL,EUC
small_airport,Elkedra Airport,OC,AU,,no,,EKD
medium_airport,Emerald Airport,OC,AU,Emerald,yes,YEML,EMD
small_airport,Ernabella Airport,OC,AU,,no,YERN,ERB
medium_airport,Esperance Airport,OC,AU,Esperance,yes,YESP,EPR
medium_airport,Eliwana,OC,AU,,no,,WHB
small_airport,Finley Airport,OC,AU,,no,YFIL,FLY
small_airport,Flora Valley Airport,OC,AU,,no,YFLO,FVL
medium_airport,Forrest Airport,OC,AU,,no,YFRT,FOS
small_airport,Forster (Wallis Is) Airport,OC,AU,,no,YFST,FOT
medium_airport,Fitzroy Crossing Airport,OC,AU,,yes,YFTZ,FIZ
small_airport,South Goulburn Is Airport,OC,AU,,no,YGBI,GBL
medium_airport,Gunnedah Airport,OC,AU,,no,YGDH,GUH
small_airport,Gregory Downs Airport,OC,AU,,no,YGDS,GGD
medium_airport,Geraldton Airport,OC,AU,Moonyoonooka,yes,YGEL,GET
medium_airport,Gladstone Airport,OC,AU,Gladstone,yes,YGLA,GLT
medium_airport,Goulburn Airport,OC,AU,,no,YGLB,GUL
small_airport,Glengyle Airport,OC,AU,,no,YGLE,GLG
small_airport,Glenormiston Airport,OC,AU,,no,YGLO,GLM
small_airport,Greenvale Airport,OC,AU,,no,YGNV,GVP
medium_airport,Groote Eylandt Airport,OC,AU,Groote Eylandt,yes,YGTE,GTE
medium_airport,Griffith Airport,OC,AU,Griffith,yes,YGTH,GFF
small_airport,Gympie Airport,OC,AU,,no,YGYM,GYP
medium_airport,Hay Airport,OC,AU,,no,YHAY,HXX
medium_airport,Hervey Bay Airport,OC,AU,Hervey Bay,yes,YHBA,HVB
small_airport,Humbert River Airport,OC,AU,,no,YHBR,HUB
small_airport,Headingly Airport,OC,AU,,no,YHDY,HIP
medium_airport,Horn Island Airport,OC,AU,Horn,yes,YHID,HID
medium_airport,Halls Creek Airport,OC,AU,,no,YHLC,HCQ
medium_airport,Hamilton Airport,OC,AU,,no,YHML,HLT
medium_airport,Mount Hotham Airport,OC,AU,Mount Hotham,yes,YHOT,MHU
medium_airport,Hopetoun Airport,OC,AU,,no,YHPN,HTU
medium_airport,Horsham Airport,OC,AU,,no,YHSM,HSM
small_airport,Innisfail Airport,OC,AU,,no,YIFL,IFL
small_airport,Iffley Airport,OC,AU,,no,YIFY,IFF
small_airport,Ingham Airport,OC,AU,,no,YIGM,IGH
small_airport,Innamincka Airport,OC,AU,,no,YINN,INM
small_airport,Isisford Airport,OC,AU,,no,YISF,ISI
small_airport,Jabiru Airport,OC,AU,,no,YJAB,JAB
small_airport,Julia Creek Airport,OC,AU,,yes,YJLC,JCK
small_airport,Streaky Bay Airport,OC,AU,,no,YKBY,KBY
medium_airport,King Island Airport,OC,AU,,yes,YKII,KNS
small_airport,Kalkgurung Airport,OC,AU,,yes,YKKG,KFG
small_airport,Kamileroi Airport,OC,AU,,no,YKML,KML
medium_airport,Kempsey Airport,OC,AU,,no,YKMP,KPS
small_airport,Katanning Airport,OC,AU,,no,YKNG,KNI
medium_airport,Kingaroy Airport,OC,AU,,no,YKRY,KGY
medium_airport,Kingscote Airport,OC,AU,,yes,YKSC,KGC
medium_airport,Leonora Airport,OC,AU,Leonora,yes,YLEO,LNO
small_airport,Lake Evella Airport,OC,AU,,yes,YLEV,LEL
medium_airport,Lockhart River Airport,OC,AU,Lockhart River,yes,YLHR,IRG
medium_airport,Lismore Airport,OC,AU,Lismore,yes,YLIS,LSY
small_airport,Ballera Airport,OC,AU,,no,YLLE,BBL
small_airport,Lorraine Airport,OC,AU,,no,YLOR,LOA
medium_airport,Lightning Ridge Airport,OC,AU,,yes,YLRD,LHG
medium_airport,Longreach Airport,OC,AU,Longreach,yes,YLRE,LRE
large_airport,Beirut Rafic Hariri International Airport,AS,LB,Beirut,yes,OLBA,BEY
medium_airport,Yampa Valley Airport,NA,US,Hayden,yes,KHDN,HDN
medium_airport,Avalon Airport,OC,AU,Lara,yes,YMAV,AVV
medium_airport,Albury Airport,OC,AU,East Albury,yes,YMAY,ABX
small_airport,Marble Bar Airport,OC,AU,,no,YMBL,MBB
medium_airport,Mount Hagen Kagamuga Airport,OC,PG,Mount Hagen,yes,AYMH,HGU
small_airport,Millicent Airport,OC,AU,,no,YMCT,MLR
medium_airport,Bata Airport,AF,GQ,Bata,yes,FGBT,BSG
small_airport,Macdonald Downs Airport,OC,AU,,no,YMDS,MNW
medium_airport,Meekatharra Airport,OC,AU,,yes,YMEK,MKR
medium_airport,Melbourne Essendon Airport,OC,AU,Essendon Fields,yes,YMEN,MEB
medium_airport,Merimbula Airport,OC,AU,Merimbula,yes,YMER,MIM
medium_airport,Hobart International Airport,OC,AU,Hobart (Cambridge),yes,YMHB,HBA
medium_airport,Nadzab Airport,OC,PG,Lae,yes,AYNZ,LAE
medium_airport,Launceston Airport,OC,AU,Launceston (Western Junction),yes,YMLT,LST
large_airport,Melbourne Airport,OC,AU,Melbourne,yes,YMML,MEL
small_airport,Middlemount Airport,OC,AU,,no,YMMU,MMM
large_airport,Port Moresby Jacksons International Airport,OC,PG,Port Moresby,yes,AYPY,POM
small_airport,Monkira Airport,OC,AU,,no,YMNK,ONR
medium_airport,Mount Magnet Airport,OC,AU,,yes,YMOG,MMG
small_airport,Mooraberree Airport,OC,AU,,no,YMOO,OOR
medium_airport,Moree Airport,OC,AU,Moree,yes,YMOR,MRZ
medium_airport,Sukkur Airport,AS,PK,Mirpur Khas,yes,OPSK,SKZ
small_airport,Morawa Airport,OC,AU,,no,YMRW,MWB
small_airport,Mullewa Airport,OC,AU,,no,YMWA,MXU
small_airport,Myroodan Station Airport,OC,AU,,no,YMYR,MYO
small_airport,Merty Merty Airport,OC,AU,,no,YMYT,RTY
small_airport,Nappa Merrie Airport,OC,AU,,no,YNAP,NMR
medium_airport,Narrandera Airport,OC,AU,Narrandera,yes,YNAR,NRA
medium_airport,Ngukurr Airport,OC,AU,,no,YNGU,RPM
small_airport,Noonkanbah Airport,OC,AU,,no,,NKB
small_airport,Naracoorte Airport,OC,AU,,no,YNRC,NAC
small_airport,Ravensthorpe Airport,OC,AU,,no,YNRV,RVT
small_airport,Nullagine Airport,OC,AU,,no,YNUL,NLL
small_airport,Numbulwar Airport,OC,AU,,no,YNUM,NUB
small_airport,Osborne Mine Airport,OC,AU,,no,YOSB,OSO
medium_airport,Narsarsuaq Airport,NA,GL,Narsarsuaq,yes,BGBW,UAK
small_airport,Palm Island Airport,OC,AU,,yes,YPAM,PMK
small_airport,Pandie Pandie Airport,OC,AU,,no,YPDI,PDE
large_airport,Darwin International Airport / RAAF Darwin,OC,AU,Darwin,yes,YPDN,DRW
medium_airport,Gove Airport,OC,AU,Nhulunbuy,yes,YPGV,GOV
medium_airport,Ilulissat Airport,NA,GL,Ilulissat,yes,BGJN,JAV
medium_airport,Parkes Airport,OC,AU,Parkes,yes,YPKS,PKE
medium_airport,Learmonth Airport,OC,AU,Exmouth,yes,YPLM,LEA
medium_airport,Kangerlussuaq Airport,NA,GL,Kangerlussuaq,yes,BGSF,SFJ
large_airport,Perth International Airport,OC,AU,Perth,yes,YPPH,PER
medium_airport,Christmas Island Airport,AS,CX,Flying Fish Cove,yes,YPXM,XCH
small_airport,Quirindi Airport,OC,AU,,no,YQDI,UIR
medium_airport,Quilpie Airport,OC,AU,,yes,YQLP,ULP
small_airport,Queenstown Airport,OC,AU,,no,YQNS,UEE
small_airport,Robinson River Airport,OC,AU,,no,,RRV
medium_airport,Renmark Airport,OC,AU,,no,YREN,RMK
small_airport,Richmond Airport,OC,AU,,yes,YRMD,RCM
small_airport,Robinhood Airport,OC,AU,,no,YROB,ROH
medium_airport,Roma Airport,OC,AU,Roma,yes,YROM,RMA
medium_airport,Húsavík Airport,EU,IS,Húsavík,yes,BIHU,HZK
small_airport,Scone Airport,OC,AU,,no,YSCO,NSO
medium_airport,Dubbo City Regional Airport,OC,AU,Dubbo,yes,YSDU,DBO
small_airport,St George Airport,OC,AU,,yes,YSGE,SGO
small_airport,South Galway Airport,OC,AU,,no,YSGW,ZGL
medium_airport,Shark Bay Airport,OC,AU,Denham,yes,YSHK,MJK
medium_airport,Shepparton Airport,OC,AU,,no,YSHT,SHT
small_airport,Smith Point Airport,OC,AU,,no,YSMP,SHU
medium_airport,Snake Bay Airport,OC,AU,Milikapiti,yes,,SNB
medium_airport,João Correa da Rocha Airport,SA,BR,Marabá,yes,SBMA,MAB
large_airport,Sydney Kingsford Smith International Airport,OC,AU,Sydney (Mascot),yes,YSSY,SYD
small_airport,St Helens Airport,OC,AU,,no,YSTH,HLS
medium_airport,Tamworth Airport,OC,AU,Tamworth,yes,YSTW,TMW
medium_airport,Stawell Airport,OC,AU,,no,YSWL,SWC
small_airport,Taroom Airport,OC,AU,,no,YTAM,XTO
medium_airport,Caye Chapel Airport,NA,BZ,Caye Chapel,yes,,CYC
medium_airport,Sir Barry Bowen Municipal Airport,NA,BZ,Belize City,yes,,TZA
large_airport,Sir Seewoosagur Ramgoolam International Airport,AF,MU,Plaine Magnien,yes,FIMP,MRU
medium_airport,Anahim Lake Airport,NA,CA,Anahim Lake,yes,,YAA
medium_airport,Qualicum Beach Airport,NA,CA,Qualicum Beach,yes,,XQU
small_airport,Cherrabun Airport,OC,AU,,no,,CBC
medium_airport,Eday Airport,EU,GB,Eday,yes,EGED,EOI
small_airport,Warwick Airport,OC,AU,,no,YWCK,WAZ
medium_airport,Whyalla Airport,OC,AU,Whyalla,yes,YWHA,WYA
medium_airport,Wiluna Airport,OC,AU,,yes,YWLU,WUN
small_airport,Wondai Airport,OC,AU,,no,YWND,WDI
small_airport,Wollogorang Airport,OC,AU,,no,YWOR,WLL
medium_airport,Winton Airport,OC,AU,,yes,YWTN,WIN
small_airport,Wudinna Airport,OC,AU,,no,YWUD,WUD
small_airport,Warrawagine Airport,OC,AU,,no,YWWG,WRW
small_airport,Yeelirrie Airport,OC,AU,,no,YYLR,KYF
large_airport,London Luton Airport,EU,GB,"Luton, Bedfordshire",yes,EGGW,LTN
medium_airport,Young Airport,OC,AU,,no,YYNG,NGA
small_airport,Yorketown Airport,OC,AU,,no,YYOR,ORR
medium_airport,Jinggangshan Airport,AS,CN,Ji'an,yes,ZSGS,JGS
medium_airport,Wick John O'Groats Airport,EU,GB,Wick,yes,EGPC,WIC
medium_airport,Stornoway Airport,EU,GB,"Stornoway, Western Isles",yes,EGPO,SYY
medium_airport,Yuncheng Zhangxiao Airport,AS,CN,Yuncheng (Yanhu),yes,ZBYC,YCU
large_airport,Taiyuan Wusu International Airport,AS,CN,Taiyuan,yes,ZBYN,TYN
medium_airport,St. Anthony Airport,NA,CA,St. Anthony,yes,CYAY,YAY
medium_airport,Zhalantun Genghis Khan Airport,AS,CN,Zhalantun,yes,ZBZL,NZL
medium_airport,Beihai Fucheng Airport,AS,CN,Beihai (Yinhai),yes,ZGBH,BHY
medium_airport,Baise (Bose) Bama Airport,AS,CN,Baise (Tianyang),yes,ZGBS,AEB
medium_airport,Bella Coola Airport,NA,CA,Bella Coola,yes,CYBD,QBC
medium_airport,Chenzhou Beihu Airport,AS,CN,Chenzhou,yes,ZGCZ,HCZ
medium_airport,Brandon Municipal Airport,NA,CA,Brandon,yes,CYBR,YBR
medium_airport,Huizhou Pingtan Airport,AS,CN,Huizhou (Pingtan),yes,ZGHZ,HUZ
large_airport,Guilin Liangjiang International Airport,AS,CN,Guilin (Lingui),yes,ZGKL,KWL
medium_airport,Yongzhou Lingling Airport,AS,CN,Yongzhou,yes,ZGLG,LLF
medium_airport,Shaoyang Wugang Airport,AS,CN,Shaoyang (Wugang),yes,ZGSY,WGN
large_airport,Shenzhen Bao'an International Airport,AS,CN,Shenzhen (Bao'an),yes,ZGSZ,SZX
medium_airport,Dawson City Airport,NA,CA,Dawson City,yes,CYDA,YDA
medium_airport,Yueyang Sanhe Airport,AS,CN,Yueyang (Yueyanglou),yes,ZGYY,YYA
medium_airport,Zhanjiang Wuchuan Airport,AS,CN,Zhanjiang,yes,ZGZJ,ZHA
medium_airport,Enshi Xujiaping Airport,AS,CN,Enshi (Enshi),yes,ZHES,ENH
large_airport,Wuhan Tianhe International Airport,AS,CN,Wuhan (Huangpi),yes,ZHHH,WUH
medium_airport,Jingzhou Shashi Airport,AS,CN,Jingzhou (Shashi),yes,ZHJZ,SHS
medium_airport,Sumburgh Airport,EU,GB,"Lerwick, Shetland",yes,EGPB,LSI
medium_airport,Shiyan Wudangshan Airport,AS,CN,Shiyan (Maojian),yes,ZHSY,WDS
medium_airport,Xiangyang Liuji Airport,AS,CN,Xiangyang (Xiangzhou),yes,ZHXF,XFN
medium_airport,Xinyang Minggang Airport,AS,CN,Xinyang,yes,ZHXY,XAI
medium_airport,Yichang Sanxia Airport,AS,CN,Yichang (Xiaoting),yes,ZHYC,YIH
medium_airport,Golfito Airport,NA,CR,Golfito,yes,MRGF,GLF
medium_airport,Qionghai Bo'ao Airport,AS,CN,Qionghai (Basuo),yes,ZJQH,BAR
large_airport,Sanya Phoenix International Airport,AS,CN,Sanya (Tianya),yes,ZJSY,SYX
medium_airport,Sondok Airport,AS,KP,Sŏndŏng-ni,yes,ZKSD,DSO
medium_airport,Limon International Airport,NA,CR,Puerto Limon,yes,MRLM,LIO
medium_airport,Dunhuang Mogao International Airport,AS,CN,Dunhuang,yes,ZLDH,DNH
medium_airport,Golog Maqên Airport,AS,CN,Golog (Maqên),yes,ZLGL,GMQ
medium_airport,Guyuan Liupanshan Airport,AS,CN,Guyuan (Yuanzhou),yes,ZLGY,GYU
large_airport,Lanzhou Zhongchuan International Airport,AS,CN,Lanzhou (Yongdeng),yes,ZLLL,LHW
medium_airport,Qingyang Xifeng Airport,AS,CN,Qingyang (Xifeng),yes,ZLQY,IQN
medium_airport,Tianshui Maijishan Airport,AS,CN,Tianshui (Maiji),yes,ZLTS,THQ
medium_airport,Xining Caojiabao International Airport,AS,CN,Haidong (Huzhu Tu Autonomous County),yes,ZLXN,XNN
large_airport,Xi'an Xianyang International Airport,AS,CN,Xianyang (Weicheng),yes,ZLXY,XIY
medium_airport,Yan'an Nanniwan Airport,AS,CN,Yan'an (Baota),yes,ZLYA,ENY
medium_airport,Yushu Batang Airport,AS,CN,Yushu (Batang),yes,ZLYS,YUS
medium_airport,Zhongwei Shapotou Airport,AS,CN,Zhongwei (Shapotou),yes,ZLZW,ZHY
medium_airport,Arvaikheer Airport,AS,MN,Arvaikheer,yes,ZMAH,AVK
medium_airport,Altai Airport,AS,MN,Altai,yes,ZMAT,LTI
medium_airport,Bayankhongor Airport,AS,MN,Bayankhongor,yes,ZMBH,BYN
medium_airport,Bulgan Airport,AS,MN,Bulgan,yes,ZMBN,UGA
medium_airport,Baruun Urt Airport,AS,MN,,no,ZMBU,UUN
medium_airport,Choibalsan Airport,AS,MN,,no,ZMCD,COQ
large_airport,Ulaanbaatar Chinggis Khaan International Airport,AS,MN,Ulaanbaatar (Sergelen),yes,ZMCK,UBN
medium_airport,Dalanzadgad Airport,AS,MN,Dalanzadgad,yes,ZMDZ,DLZ
small_airport,Kharkhorin Airport,AS,MN,,no,ZMHH,KHR
medium_airport,Khovd Airport,AS,MN,Khovd,yes,ZMKD,HVD
medium_airport,Mörön Airport,AS,MN,Mörön,yes,ZMMN,MXV
medium_airport,Baoshan Yunrui Airport,AS,CN,Baoshan (Longyang),yes,ZPBS,BSD
medium_airport,Cangyuan Washan Airport,AS,CN,Lincang (Cangyuan),yes,ZPCW,CWJ
medium_airport,Dali Fengyi Airport,AS,CN,Dali (Xiaguan),yes,ZPDL,DLU
medium_airport,Diqing Shangri-La Airport,AS,CN,Diqing (Shangri-La),yes,ZPDQ,DIG
medium_airport,Xishuangbanna Gasa International Airport,AS,CN,Jinghong (Gasa),yes,ZPJH,JHG
medium_airport,Lancang Jingmai Airport,AS,CN,Pu'er (Lancang),yes,ZPJM,JMJ
medium_airport,Lincang Boshang Airport,AS,CN,Lincang,yes,ZPLC,LNJ
medium_airport,Lijiang Sanyi International Airport,AS,CN,Lijiang (Gucheng),yes,ZPLJ,LJG
medium_airport,Dehong Mangshi Airport,AS,CN,Dehong (Mangshi),yes,ZPMS,LUM
large_airport,Kunming Changshui International Airport,AS,CN,Kunming,yes,ZPPP,KMG
large_airport,Xiamen Gaoqi International Airport,AS,CN,Xiamen,yes,ZSAM,XMN
medium_airport,Anqing Tianzhushan Airport / Anqing North Air Base,AS,CN,Anqing,yes,ZSAQ,AQG
medium_airport,Changzhou Benniu International Airport,AS,CN,Changzhou,yes,ZSCG,CZX
large_airport,Nanchang Changbei International Airport,AS,CN,Nanchang,yes,ZSCN,KHN
medium_airport,Dongying Shengli Airport,AS,CN,Dongying (Kenli),yes,ZSDY,DOY
medium_airport,Fuyang Xiguan Airport,AS,CN,"Yingzhou, Fuyang",yes,ZSFY,FUG
large_airport,Fuzhou Changle International Airport,AS,CN,Fuzhou (Changle),yes,ZSFZ,FOC
large_airport,Hangzhou Xiaoshan International Airport,AS,CN,Hangzhou,yes,ZSHC,HGH
medium_airport,Heze Mudan Airport,AS,CN,Heze (Dingtao),yes,ZSHZ,HZA
medium_airport,Jingdezhen Luojia Airport,AS,CN,Jingdezhen,yes,ZSJD,JDZ
medium_airport,Jining Da'an Airport,AS,CN,Jining,yes,ZSJG,JNG
medium_airport,Quzhou Airport,AS,CN,Quzhou (Kezheng),yes,ZSJU,JUZ
medium_airport,Lianyungang Huaguoshan International Airport,AS,CN,Lianyungang,yes,ZSLG,LYG
medium_airport,Liancheng Guanzhishan Airport,AS,CN,Longyan (Liancheng),yes,ZSLO,LCX
medium_airport,Taizhou Luqiao Airport,AS,CN,Taizhou (Luqiao),yes,ZSLQ,HYN
medium_airport,Linyi Qiyang Airport,AS,CN,Linyi (Hedong),yes,ZSLY,LYI
large_airport,Ningbo Lishe International Airport,AS,CN,Ningbo,yes,ZSNB,NGB
large_airport,Nanjing Lukou International Airport,AS,CN,Nanjing,yes,ZSNJ,NKG
medium_airport,Nantong Xingdong International Airport,AS,CN,Nantong (Tongzhou),yes,ZSNT,NTG
medium_airport,Hefei Xinqiao International Airport,AS,CN,Hefei,yes,ZSOF,HFE
large_airport,Dalaman International Airport,AS,TR,Dalaman,yes,LTBS,DLM
medium_airport,Tekirdağ Çorlu Airport,EU,TR,Çorlu,yes,LTBU,TEQ
medium_airport,Quanzhou Jinjiang International Airport,AS,CN,Quanzhou,yes,ZSQZ,JJN
medium_airport,Rizhao Shanzihe Airport,AS,CN,Rizhao (Donggang),yes,ZSRZ,RIZ
medium_airport,Huai'an Lianshui International Airport,AS,CN,Huai'an,yes,ZSSH,HIA
medium_airport,Ordu–Giresun Airport,AS,TR,Ordu,yes,LTCB,OGU
medium_airport,Shangrao Sanqingshan Airport,AS,CN,Shangrao (Hengfeng),yes,ZSSR,SQD
large_airport,Shanghai Hongqiao International Airport,AS,CN,Shanghai (Minhang),yes,ZSSS,SHA
medium_airport,Tunxi International Airport,AS,CN,Huangshan,yes,ZSTX,TXN
medium_airport,Wuhu Xuanzhou Airport,AS,CN,Wuhu,yes,ZSWA,WHA
medium_airport,Weifang Nanyuan Airport,AS,CN,Weifang (Kuiwen),yes,ZSWF,WEF
medium_airport,Weihai Dashuibo Airport,AS,CN,Weihai,yes,ZSWH,WEH
medium_airport,Sunan Shuofang International Airport,AS,CN,Wuxi,yes,ZSWX,WUX
medium_airport,Nanping Wuyishan Airport,AS,CN,Wuyishan,yes,ZSWY,WUS
large_airport,Wenzhou Longwan International Airport,AS,CN,Wenzhou (Longwan),yes,ZSWZ,WNZ
medium_airport,Xuzhou Guanyin International Airport,AS,CN,Xuzhou,yes,ZSXZ,XUZ
medium_airport,Yangzhou Taizhou Airport,AS,CN,Yangzhou,yes,ZSYA,YTY
medium_airport,Yichun Mingyueshan Airport,AS,CN,Yichun,yes,ZSYC,YIC
medium_airport,Yancheng Nanyang International Airport,AS,CN,Yancheng (Tinghu),yes,ZSYN,YNZ
large_airport,Yantai Penglai International Airport,AS,CN,Yantai,yes,ZSYT,YNT
medium_airport,Yiwu Airport,AS,CN,Jinhua (Yiwu),yes,ZSYW,YIW
medium_airport,Zhoushan Putuoshan Airport,AS,CN,Zhoushan,yes,ZSZS,HSN
medium_airport,Ngari Gunsa Airport,AS,CN,Shiquanhe,yes,ZUAL,NGQ
medium_airport,Anshun Huangguoshu Airport,AS,CN,Anshun (Xixiu),yes,ZUAS,AVA
medium_airport,Qamdo Bangda Airport,AS,CN,Bangda,yes,ZUBD,BPX
medium_airport,Bijie Feixiong Airport,AS,CN,Bijie,yes,ZUBJ,BFJ
large_airport,Chongqing Jiangbei International Airport,AS,CN,Chongqing,yes,ZUCK,CKG
medium_airport,Dazhou Jinya Airport,AS,CN,Dazhou (Dachuan),yes,ZUDA,DZH
medium_airport,Daocheng Yading Airport,AS,CN,Garzê (Daocheng),yes,ZUDC,DCY
medium_airport,Guangyuan Panlong Airport,AS,CN,Guangyuan (Lizhou),yes,ZUGU,GYS
large_airport,Guiyang Longdongbao International Airport,AS,CN,Guiyang (Nanming),yes,ZUGY,KWE
medium_airport,Jiuzhai Huanglong Airport,AS,CN,Ngawa (Songpan),yes,ZUJZ,JZH
medium_airport,Kangding Airport,AS,CN,Garzê (Kangding),yes,ZUKD,KGT
medium_airport,Kaili Huangping Airport,AS,CN,Kaili  (Huangping),yes,ZUKJ,KJH
medium_airport,Yeager Airport,NA,US,Charleston,yes,KCRW,CRW
medium_airport,Lhasa Gonggar Airport,AS,CN,Shannan (Gonggar),yes,ZULS,LXA
medium_airport,Luzhou Yunlong Airport,AS,CN,Luzhou (Yunlong),yes,ZULZ,LZO
medium_airport,Zunyi Maotai Airport,AS,CN,Zunyi,yes,ZUMT,WMT
medium_airport,Mianyang Nanjiao Airport,AS,CN,Mianyang (Fucheng),yes,ZUMY,MIG
medium_airport,Liping Airport,AS,CN,Liping,yes,ZUNP,HZH
medium_airport,Nyingchi Mainling Airport,AS,CN,Nyingchi (Mainling),yes,ZUNZ,LZY
medium_airport,Liupanshui Yuezhao Airport,AS,CN,Liupanshui (Zhongshan),yes,ZUPS,LPF
medium_airport,Qianjiang Wulingshan Airport,AS,CN,Qianjiang,yes,ZUQJ,JIQ
medium_airport,Xigaze Peace Airport / Shigatse Air Base,AS,CN,Xigazê (Samzhubzê),yes,ZURK,RKZ
medium_airport,Tengchong Tuofeng Airport,AS,CN,Baoshan (Tengchong),yes,ZPTC,TCZ
large_airport,Chengdu Tianfu International Airport,AS,CN,Chengdu (Jianyang),yes,ZUTF,TFU
medium_airport,Tongren Fenghuang Airport,AS,CN,Tongren (Daxing),yes,ZUTR,TEN
large_airport,Chengdu Shuangliu International Airport,AS,CN,Chengdu (Shuangliu),yes,ZUUU,CTU
medium_airport,Chongqing Xiannüshan Airport,AS,CN,Wulong,yes,ZUWL,CQW
medium_airport,Xichang Qingshan Airport,AS,CN,Liangshan (Xichang),yes,ZUXC,XIC
medium_airport,Yibin Wuliangye Airport,AS,CN,Yibin (Cuiping),yes,ZUYB,YBP
medium_airport,Xingyi Wanfenglin Airport,AS,CN,Xingyi,yes,ZUYI,ACX
medium_airport,Panzhihua Bao'anying Airport,AS,CN,Panzhihua (Renhe),yes,ZUZH,PZI
medium_airport,Zunyi Xinzhou Airport,AS,CN,Zunyi,yes,ZUZY,ZYI
medium_airport,Aksu Hongqipo Airport,AS,CN,Aksu (Onsu),yes,ZWAK,AKU
medium_airport,Altay Xuedu Airport,AS,CN,Altay,yes,ZWAT,AAT
medium_airport,Bole Alashankou Airport,AS,CN,Bole,yes,ZWBL,BPL
medium_airport,Qiemo Yudu Airport,AS,CN,Qiemo,yes,ZWCM,IQM
medium_airport,Fuyun Koktokay Airport,AS,CN,Fuyun,yes,ZWFY,FYN
medium_airport,Hami Airport,AS,CN,Hami,yes,ZWHM,HMI
medium_airport,Korla Licheng Airport,AS,CN,Korla,yes,ZWKL,KRL
medium_airport,Burqin Kanas Airport,AS,CN,Burqin,yes,ZWKN,KJI
medium_airport,Xinyuan Nalati Airport,AS,CN,Xinyuan,yes,ZWNL,NLT
medium_airport,Ruoqiang Loulan Airport,AS,CN,Ruoqiang Town,yes,ZWRQ,RQA
medium_airport,Shache Airport,AS,CN,Shache,yes,ZWSC,QSZ
medium_airport,Kashgar Laining International Airport,AS,CN,Kashgar,yes,ZWSH,KHG
medium_airport,Turpan Jiaohe Airport,AS,CN,Turpan,yes,ZWTL,TLQ
medium_airport,Hotan Airport,AS,CN,Hotan,yes,ZWTN,HTN
large_airport,Ürümqi Tianshan International Airport,AS,CN,Ürümqi,yes,ZWWW,URC
medium_airport,Anshan Teng'ao Airport / Anshan Air Base,AS,CN,Anshan,yes,ZYAS,AOG
medium_airport,Baicheng Chang'an Airport,AS,CN,Baicheng,yes,ZYBA,DBC
medium_airport,Changbaishan Airport,AS,CN,Baishan,yes,ZYBS,NBS
large_airport,Changchun Longjia International Airport,AS,CN,Changchun,yes,ZYCC,CGQ
medium_airport,Changhai Airport,AS,CN,Dalian (Changhai),yes,ZYCH,CNI
medium_airport,Chaoyang Airport,AS,CN,"Shuangta, Chaoyang",yes,ZYCY,CHG
medium_airport,Dandong Langtou Airport,AS,CN,Dandong (Zhenxing),yes,ZYDD,DDG
medium_airport,Wudalianchi Dedu Airport,AS,CN,Heihe,yes,ZYDU,DTU
medium_airport,Fuyuan Dongji Airport,AS,CN,Fuyuan,yes,ZYFY,FYJ
large_airport,Harbin Taiping International Airport,AS,CN,Harbin,yes,ZYHB,HRB
medium_airport,Heihe Aihui Airport,AS,CN,Heihe,yes,ZYHE,HEK
medium_airport,Daxing'anling Elunchun Airport,AS,CN,Jiagedaqi,yes,ZYJD,JGD
medium_airport,Jiamusi Dongjiao Airport,AS,CN,Jiamusi,yes,ZYJM,JMU
medium_airport,Jiansanjiang Shidi Airport,AS,CN,Jiansanjiang,yes,ZYJS,JSJ
medium_airport,Jixi Xingkaihu Airport,AS,CN,Jixi,yes,ZYJX,JXA
medium_airport,Jinzhou Bay Airport,AS,CN,Jinzhou (Linghai),yes,ZYJZ,JNZ
medium_airport,Yichun Lindu Airport,AS,CN,Yichun,yes,ZYLD,LDS
medium_airport,Mudanjiang Hailang International Airport,AS,CN,Mudanjiang,yes,ZYMD,MDG
medium_airport,Mohe Gulian Airport,AS,CN,Mohe,yes,ZYMH,OHE
medium_airport,Qiqihar Sanjiazi Airport,AS,CN,Qiqihar,yes,ZYQQ,NDG
medium_airport,Songyuan Chaganhu Airport,AS,CN,Qian Gorlos Mongol Autonomous County,yes,ZYSQ,YSQ
large_airport,Dalian Zhoushuizi International Airport,AS,CN,Dalian (Ganjingzi),yes,ZYTL,DLC
medium_airport,Tonghua Sanyuanpu Airport,AS,CN,Tonghua,yes,ZYTN,TNH
large_airport,Shenyang Taoxian International Airport,AS,CN,"Hunnan, Shenyang",yes,ZYTX,SHE
medium_airport,Yanji Chaoyangchuan Airport,AS,CN,Yanji,yes,ZYYJ,YNJ
medium_airport,Yingkou Lanqi Airport,AS,CN,Yingkou (Laobian),yes,ZYYK,YKH
medium_airport,Aéroport international de Kayes Dag Dag,AF,ML,Kayes,yes,GAKY,KYS
medium_airport,Aéroport international de Gao Korogoussou,AF,ML,Gao,yes,GAGO,GAQ
medium_airport,Aérport de San Pedro,AF,CI,San Pedro,yes,DISP,SPY
large_airport,Aéroport international de Tahiti-Faaa,OC,PF,Tahiti,yes,NTAA,PPT